v_wind,d_tether,l_tether_unstretched,l_tether,f_top,f_bot,f_mean,f_seg_1,f_seg_2,f_seg_3,f_seg_4,f_seg_5,f_seg_6
10.0,2.0,1.0,1.0101010101010102,1552.0202375965941,1552.0202375965687,1552.0202386968856,1552.020238696894,1552.0202386968685,1552.020238696894,1552.0202386969454,1552.0202386968429,1552.0202386968685
10.0,2.0,1.0,1.0050251256281406,772.1106965436276,772.110696543602,772.1106987331597,772.1106987331683,772.1106987331427,772.110698733066,772.1106987332706,772.1106987331683,772.1106987331427
10.0,2.0,1.0,1.002004008016032,307.9167357669554,307.91673576692983,307.9167412243419,307.9167412243376,307.9167412243376,307.9167412243632,307.9167412243632,307.9167412243376,307.91674122431203
10.0,2.0,1.0,1.001001001001001,153.80742735204046,153.80742735201488,153.8074382556872,153.80743825565307,153.80743825575544,153.80743825565307,153.80743825565307,153.80743825578102,153.8074382556275
10.0,2.0,1.0,1.0005002501250624,76.87793565381598,76.87793565386715,76.8779574465246,76.8779574465246,76.8779574465246,76.8779574465246,76.87795744647343,76.8779574465246,76.87795744657578
10.0,2.0,1.0,1.0002000400080016,30.82635488237106,30.826354882319883,30.82640919851499,30.82640919851499,30.826409198540578,30.8264091984894,30.8264091984894,30.826409198591755,30.826409198463814
10.0,2.0,1.0,1.0,4.408859064383689,4.408859064383689,4.409238626892139,4.409238628290943,4.409238626627731,4.4092386257577445,4.40923862580892,4.409238626576556,4.409238628290943
10.0,2.0,1.0,0.9990009990009991,0.7421636249509089,0.7421636249509145,0.744401773016326,0.7444020663812001,0.7444017147783449,0.7444015378894331,0.7444015378382574,0.7444017148295207,0.7444020663812001
10.0,2.0,1.0,0.998003992015968,0.5235351142099187,0.5235351142098587,0.5266841265253175,0.5266849481857849,0.5266839645882482,0.5266834668019194,0.5266834667251558,0.5266839646650118,0.5266849481857849
10.0,2.0,1.0,0.9950248756218907,0.32743243827162244,0.3274324381956121,0.33235540747467845,0.33235860175714893,0.33235479226137177,0.33235282839272073,0.33235282846948433,0.33235479228695963,0.33235860168038533
10.0,2.0,1.0,0.9900990099009901,0.2270827777063788,0.22708277768169766,0.2339220181413734,0.2339308648856092,0.23392038819009808,0.2339148013612069,0.23391480125885544,0.23392038829244954,0.23393086486002135
10.0,2.0,1.0,0.9803921568627451,0.1545209889391582,0.15452098898713532,0.1638618907376252,0.16388564259243177,0.16385785688318166,0.16384217275005608,0.16384217275005608,0.16385785680641807,0.1638856426436075
10.0,2.0,1.0,0.9523809523809523,0.08748155753866003,0.0874815576507798,0.1008395510485316,0.10092112784085838,0.10082953479812473,0.10076799037867235,0.10076799032749661,0.10082953497723979,0.10092112796879771
10.0,2.0,1.0,0.9090909090909091,0.05214288432795805,0.05214288435588652,0.0683161915841321,0.06850119674931543,0.06830863240421259,0.06813874581636514,0.06813874561166222,0.06830863214833394,0.0685011967749033
20.0,2.0,1.0,1.0101010101010102,1552.020771241493,1552.0207712413908,1552.0207888462817,1552.0207888462814,1552.0207888462558,1552.020788846307,1552.0207888462558,1552.0207888464092,1552.0207888461791
20.0,2.0,1.0,1.0050251256281406,772.1128532276539,772.1128532276283,772.1128882601957,772.1128882602043,772.1128882601787,772.1128882602043,772.1128882602554,772.1128882601531,772.1128882601787
20.0,2.0,1.0,1.002004008016032,307.9302960359238,307.9302960360005,307.9303833501632,307.9303833501504,307.93038335020157,307.9303833501504,307.9303833500736,307.930383350176,307.93038335022715
20.0,2.0,1.0,1.001001001001001,153.86173946852813,153.86173946855376,153.8619138644072,153.86191386441146,153.86191386441146,153.86191386441146,153.86191386441146,153.8619138643603,153.86191386443707
20.0,2.0,1.0,1.0005002501250624,77.0941917320718,77.09419173204621,77.0945394346133,77.09453943466875,77.09453943459198,77.0945394345664,77.0945394345408,77.09453943466875,77.09453943464315
20.0,2.0,1.0,1.0002000400080016,32.069632762054255,32.069632762054255,32.07046809099703,32.07046809194378,32.070468090792325,32.070468090254984,32.07046809035733,32.07046809068997,32.07046809194378
20.0,2.0,1.0,1.0,11.108185023823513,11.108185023797928,11.110594824480527,11.110594847287844,11.110594819985591,11.110594806168145,11.110594806321672,11.110594819857653,11.110594847262256
20.0,2.0,1.0,0.9990009990009991,2.9474671152898964,2.947467115315408,2.9564833415488017,2.956484540229404,2.9564831036243024,2.9564823807926994,2.9564823807159355,2.956483103675478,2.9564845402549915
20.0,2.0,1.0,0.998003992015968,2.0887306812847903,2.088730681259347,2.1013586390012358,2.101361948851299,2.10135798644244,2.1013559817099683,2.1013559816843803,2.1013579864936154,2.101361948825711
20.0,2.0,1.0,0.9950248756218907,1.3088525244758389,1.3088525245518385,1.328556892980999,1.3285696963682954,1.3285544277053363,1.3285465548821596,1.328546554779808,1.3285544277053363,1.3285696964450588
20.0,2.0,1.0,0.9900990099009901,0.9081096580629544,0.9081096580881293,0.9354727397925352,0.9355080184688391,0.9354662114027051,0.9354439895188554,0.9354439895188554,0.9354662113515294,0.935508018494427
20.0,2.0,1.0,0.9803921568627451,0.618027846104741,0.6180278461059737,0.6553942074155356,0.6554892298548387,0.655378068671339,0.6553153236948411,0.6553153237716047,0.6553780686457511,0.6554892298548387
20.0,2.0,1.0,0.9523809523809523,0.34991710174153273,0.3499171017389426,0.4033500088913497,0.40367625218908076,0.40330993812818794,0.40306383634398646,0.40306383642075005,0.4033099380770122,0.40367625218908076
20.0,2.0,1.0,0.9090909090909091,0.20856928552021356,0.2085692855433584,0.2732627662141371,0.27400282653179675,0.2732325342495373,0.27255293779710754,0.27255293787387114,0.27323253427512517,0.2740028265573846
30.0,2.0,1.0,1.0101010101010102,1552.0230836939118,1552.0230836939118,1552.0231728180252,1552.0231728180122,1552.023172818038,1552.0231728180122,1552.023172818089,1552.0231728179867,1552.0231728180122
30.0,2.0,1.0,1.0050251256281406,772.1221985736704,772.1221985736192,772.122375923734,772.1223759237511,772.1223759236999,772.1223759237511,772.1223759237511,772.1223759237511,772.1223759236999
30.0,2.0,1.0,1.002004008016032,307.98902937253115,307.98902937255673,307.98947131556116,307.9894713155868,307.9894713155612,307.98947131553564,307.9894713155868,307.9894713154845,307.9894713156124
30.0,2.0,1.0,1.001001001001001,154.09620723852382,154.0962072384982,154.09708876679534,154.0970887670086,154.09708876670152,154.09708876667594,154.09708876654798,154.09708876685505,154.09708876698298
30.0,2.0,1.0,1.0005002501250624,78.00448708584594,78.0044870859227,78.0062267309119,78.00622673259217,78.00622673059631,78.00622672954721,78.00622672964957,78.0062267304172,78.00622673266894
30.0,2.0,1.0,1.0002000400080016,36.071012821618055,36.07101282159247,36.07477202078377,36.074772037825284,36.074772017354995,36.07477200717103,36.07477200717103,36.07477201738058,36.0747720377997
30.0,2.0,1.0,1.0,19.070600095926668,19.07060009584993,19.07770404429768,19.077704159502776,19.07770402127713,19.077703952138716,19.077703952164306,19.07770402127713,19.077704159426013
30.0,2.0,1.0,0.9990009990009991,6.55592690684135,6.555926906739229,6.576445516676517,6.576448307540705,6.576444962822911,6.576443279678728,6.576443279678728,6.576444962899675,6.576448307438354
30.0,2.0,1.0,0.998003992015968,4.679695866246069,4.679695866271545,4.708227199428035,4.7082347460954885,4.70822571281145,4.708221139364372,4.7082211394155475,4.708225712760275,4.708234746121076
30.0,2.0,1.0,0.9950248756218907,2.9416426999068443,2.941642699881459,2.9860242543927384,2.986053154376753,2.9860186902858716,2.9860009185155914,2.986000918541179,2.9860186902858716,2.986053154351165
30.0,2.0,1.0,0.9900990099009901,2.042417491304627,2.04241749132942,2.1040068535067333,2.1040863230658653,2.1039921490263485,2.103942088415192,2.1039420883640165,2.1039921490775244,2.104086323091453
30.0,2.0,1.0,0.9803921568627451,1.3903523511364515,1.3903523511615599,1.4744369582776056,1.4746508450760394,1.4744006337527538,1.4742593959528483,1.4742593960807877,1.474400633701578,1.4746508451016271
30.0,2.0,1.0,0.9523809523809523,0.7872792214067011,0.7872792214282914,0.9075064517495416,0.9082405659164489,0.9074162884074505,0.9068625008607556,0.9068625009375192,0.9074162884330383,0.9082405659420367
30.0,2.0,1.0,0.9090909090909091,0.4692724554980752,0.4692724554784366,0.6148338337596287,0.6164990166253353,0.6147658164888076,0.6132366681135676,0.613236668215919,0.6147658165143954,0.6164990165997475
10.0,4.0,1.0,1.0101010101010102,6208.080843657205,6208.080843657205,6208.080844757539,6208.080844757505,6208.080844757709,6208.080844757402,6208.080844757402,6208.080844757709,6208.080844757505
10.0,4.0,1.0,1.0050251256281406,3088.4423548350687,3088.4423548350687,3088.442357024644,3088.44235702461,3088.4423570247122,3088.44235702461,3088.44235702461,3088.4423570247122,3088.44235702461
10.0,4.0,1.0,1.002004008016032,1231.664230760865,1231.6642307606603,1231.6642362183102,1231.664236218259,1231.664236218259,1231.6642362183613,1231.6642362183613,1231.664236218566,1231.6642362180544
10.0,4.0,1.0,1.001001001001001,615.2188388921085,615.2188388922108,615.2188497959487,615.2188497959146,615.2188497960169,615.2188497959146,615.2188497961192,615.2188497957098,615.2188497960169
10.0,4.0,1.0,1.0005002501250624,307.4682349158289,307.46823491572655,307.46825671169836,307.4682567116301,307.46825671173247,307.46825671173247,307.46825671173247,307.46825671183484,307.4682567115278
10.0,4.0,1.0,1.0002000400080016,123.03519361031914,123.03519361042149,123.03524804616062,123.03524804588767,123.03524804619472,123.03524804639943,123.03524804619472,123.03524804629707,123.03524804599002
10.0,4.0,1.0,1.0,11.109980214649251,11.109980214649251,11.110582749353725,11.110582750445474,11.110582748910202,11.110582748500796,11.110582748910202,11.110582748910202,11.110582750445474
10.0,4.0,1.0,0.9990009990009991,1.4861299163294783,1.4861299161252701,1.4906008424067194,1.4906014273794344,1.4906007264766319,1.4906003735687956,1.4906003734664441,1.4906007263742804,1.4906014271747314
10.0,4.0,1.0,0.998003992015968,1.047524409648706,1.0475244096485474,1.0538197669664464,1.0538214045898164,1.053819443433479,1.0538184529783945,1.0538184526713401,1.0538194435358306,1.0538214045898164
10.0,4.0,1.0,0.9950248756218907,0.6549381186121788,0.6549381184099218,0.6647830282121292,0.6647894012111188,0.6647817977258108,0.6647778856482822,0.6647778855459308,0.6647817981352167,0.6647894010064159
10.0,4.0,1.0,0.9900990099009901,0.45418402879381664,0.4541840285885401,0.46786207443976213,0.4678797021247738,0.46785881239636007,0.4678477087981525,0.46784770920755836,0.46785881219165715,0.4678797019200709
10.0,4.0,1.0,0.9803921568627451,0.30904665510580204,0.3090466549035303,0.3277282315035268,0.32777573163936813,0.32772016400787196,0.32768879901686754,0.3276887988121646,0.3277201641102234,0.3277757314346652
10.0,4.0,1.0,0.9523809523809523,0.17496388150197537,0.17496388353169923,0.2016798397610986,0.20184295034108013,0.20165981154198764,0.2015367573490523,0.2015367524361822,0.20165981430547708,0.20184295259281226
10.0,4.0,1.0,0.9090909090909091,0.10428595524457816,0.10428595558959616,0.13663253303639045,0.1370025556233445,0.13661741628858692,0.1362776270437127,0.13627762714606417,0.136617416083884,0.13700255603275036
20.0,4.0,1.0,1.0101010101010102,6208.081377302456,6208.081377302456,6208.081394907266,6208.08139490725,6208.081394907353,6208.08139490725,6208.0813949074545,6208.081394907045,6208.08139490725
20.0,4.0,1.0,1.0050251256281406,3088.4445115296335,3088.4445115296335,3088.4445465622825,3088.444546562265,3088.4445465621625,3088.4445465624694,3088.44454656206,3088.4445465624694,3088.444546562265
20.0,4.0,1.0,1.002004008016032,1231.6777920542165,1231.6777920545235,1231.677879371484,1231.6778793715525,1231.6778793714502,1231.6778793714502,1231.6778793714502,1231.677879371143,1231.6778793718595
20.0,4.0,1.0,1.001001001001001,615.2731837574847,615.2731837574847,615.2733582028233,615.2733582028915,615.2733582028915,615.2733582026868,615.2733582026868,615.2733582028915,615.2733582028915
20.0,4.0,1.0,1.0005002501250624,307.6855272209407,307.6855272206337,307.6858757067596,307.6858757068108,307.6858757069131,307.68587570660605,307.68587570660605,307.6858757071178,307.68587570650374
20.0,4.0,1.0,1.0002000400080016,124.36343598719233,124.36343598739704,124.3642976437332,124.36429764397202,124.36429764376732,124.36429764346026,124.36429764366497,124.36429764335792,124.36429764417673
20.0,4.0,1.0,1.0,27.993104002435313,27.993104002537653,27.996929586410033,27.99692960913206,27.99692958190657,27.996929568191476,27.996929568191476,27.99692958180422,27.99692960923441
20.0,4.0,1.0,0.9990009990009991,5.923016633137692,5.923016632831284,5.940964543913597,5.940966906867651,5.940964074802735,5.940962650172754,5.9409626498657,5.940964075212141,5.940966906560597
20.0,4.0,1.0,0.998003992015968,4.184659066058659,4.1846590660588,4.209872492724842,4.209879080542489,4.209871194055392,4.2098672035766445,4.2098672035766445,4.209871194055392,4.209879080542489
20.0,4.0,1.0,0.9950248756218907,2.618874056126035,2.618874055822078,2.658266141158516,2.6582917148650576,2.6582612167909248,2.6582454918195664,2.658245491717215,2.6582612172003306,2.658291714558003
20.0,4.0,1.0,0.9900990099009901,1.8165145472287287,1.8165145472268238,1.8712327233214976,1.871303253866552,1.8712196720261698,1.8711752441229468,1.871175243713541,1.8712196723332242,1.871303253866552
20.0,4.0,1.0,0.9803921568627451,1.2361305006719565,1.2361305009712034,1.3108595567384584,1.3110495761656682,1.3108272836341195,1.310701810364412,1.3107018102620605,1.310827283531768,1.3110495764727226
20.0,4.0,1.0,0.9523809523809523,0.6998463853836167,0.699846385289487,0.80671106548848,0.8073635285004599,0.8066309254036064,0.8061387426125499,0.8061387427149014,0.8066309253012549,0.8073635283981084
20.0,4.0,1.0,0.9090909090909091,0.417141571180836,0.4171415708608009,0.5465281615217144,0.5480082643052331,0.5464676955028391,0.5451085247058951,0.5451085247058951,0.5464676960145964,0.5480082638958272
30.0,4.0,1.0,1.0101010101010102,6208.083689762962,6208.083689763064,6208.083778887195,6208.083778887195,6208.083778887195,6208.083778887195,6208.083778887195,6208.083778887092,6208.083778887297
30.0,4.0,1.0,1.0050251256281406,3088.453857134436,3088.4538571346407,3088.454034486697,3088.4540344865777,3088.4540344867823,3088.4540344867823,3088.4540344867823,3088.4540344864754,3088.4540344867823
30.0,4.0,1.0,1.002004008016032,1231.7365506957412,1231.7365506954343,1231.7369927184027,1231.7369927184368,1231.7369927182322,1231.736992718539,1231.736992718539,1231.736992718539,1231.7369927181298
30.0,4.0,1.0,1.001001001001001,615.5084556480957,615.508455647891,615.5093384383222,615.509338438561,615.509338438254,615.5093384381516,615.5093384381516,615.5093384384587,615.5093384383563
30.0,4.0,1.0,1.0005002501250624,308.6201038319989,308.62010383189653,308.6218626842449,308.62186268472254,308.6218626840061,308.6218626840061,308.6218626838014,308.62186268431316,308.62186268462017
30.0,4.0,1.0,1.0002000400080016,129.56213529577388,129.56213529556916,129.5663222037189,129.56632220951883,129.56632220245658,129.56632219918131,129.56632219918131,129.56632220266127,129.5663222093141
30.0,4.0,1.0,1.0,48.061479374077486,48.061479373872814,48.07275752421598,48.07275763942961,48.07275750105043,48.072757432167904,48.072757432167904,48.07275750125514,48.0727576392249
30.0,4.0,1.0,0.9990009990009991,13.248035014937077,13.248035014732816,13.288655172338872,13.288660584667056,13.288654097938535,13.288650834462212,13.288650834155158,13.28865409834794,13.288660584462352
30.0,4.0,1.0,0.998003992015968,9.395260704502599,9.395260704502444,9.452110329449054,9.452125249818522,9.452107389181585,9.452098349602933,9.452098348784121,9.45210738948864,9.452125249818522
30.0,4.0,1.0,0.9950248756218907,5.889179678202442,5.889179678103142,5.977858689102301,5.97791632928264,5.977847592293406,5.977812145730854,5.977812145833205,5.977847592293406,5.977916329180289
30.0,4.0,1.0,0.9900990099009901,4.086327470127478,4.086327470229334,4.2094658187280585,4.2096245985789205,4.209436438007764,4.209336419648668,4.209336419443965,4.209436438007764,4.2096245986812715
30.0,4.0,1.0,0.9803921568627451,2.781083233261793,2.7810832330589825,2.9492339122642655,2.9496615366497614,2.949161285390711,2.948878914803499,2.9488789147011474,2.949161285595414,2.9496615364450585
30.0,4.0,1.0,0.9523809523809523,1.574620105379998,1.5746201054624387,1.8150688229381373,1.81653693359336,1.8148885034441453,1.8137810315722036,1.8137810317769065,1.8148885035464968,1.8165369336957116
30.0,4.0,1.0,0.9090909090909091,0.9385600975299548,0.9385600975279275,1.22968097082094,1.233011250867122,1.2295449277670678,1.2264867337774543,1.2264867340845087,1.2295449275623649,1.233011250867122
10.0,6.0,1.0,1.0101010101010102,13968.18185375849,13968.181853758719,13968.18185485863,13968.181854858787,13968.181854858787,13968.181854858325,13968.181854858787,13968.181854858096,13968.181854859016
10.0,6.0,1.0,1.0050251256281406,6948.995118654138,6948.995118654599,6948.995120843757,6948.99512084368,6948.99512084391,6948.99512084368,6948.99512084414,6948.995120842988,6948.99512084414
10.0,6.0,1.0,1.002004008016032,2771.2433890784014,2771.2433890779407,2771.243394535683,2771.243394535798,2771.243394535568,2771.243394535798,2771.243394535798,2771.243394535798,2771.2433945353373
10.0,6.0,1.0,1.001001001001001,1384.237857934999,1384.2378579343083,1384.2378688388026,1384.237868838841,1384.237868838841,1384.237868838841,1384.2378688383803,1384.237868839762,1384.23786883815
10.0,6.0,1.0,1.0005002501250624,691.7853942576849,691.7853942579152,691.7854160539055,691.785416054059,691.785416054059,691.7854160535985,691.7854160535985,691.7854160538288,691.7854160542894
10.0,6.0,1.0,1.0002000400080016,276.71600396331576,276.7160039628552,276.71605842255894,276.7160584211772,276.71605842255894,276.7160584248619,276.71605842301955,276.71605842301955,276.71605842071665
10.0,6.0,1.0,1.0,19.07687228216743,19.076872281706862,19.07766183307974,19.077661835689703,19.077661833156505,19.077661830393016,19.0776618308536,19.077661833156505,19.077661835229122
10.0,6.0,1.0,0.9990009990009991,2.230099810054269,2.2300998105138783,2.236803503659568,2.236804384138008,2.2368033298667878,2.236802796973908,2.2368027967436173,2.236803329636497,2.2368043845985897
10.0,6.0,1.0,0.998003992015968,1.5715140317701775,1.5715140317697562,1.5809557299852617,1.5809581864970808,1.5809552452231563,1.5809537580052573,1.580953758465839,1.5809552452231563,1.5809581864970808
10.0,6.0,1.0,0.9950248756218907,0.9824438113691788,0.9824438120539599,0.9972106517343926,0.997220212947264,0.9972088064143209,0.9972029353810113,0.9972029360718837,0.9972088059537393,0.9972202136381364
10.0,6.0,1.0,0.9900990099009901,0.6812852856547671,0.6812852849706784,0.7018021607825693,0.7018285452747353,0.7017972664892486,0.7017806705837237,0.7017806708140145,0.7017972669498301,0.7018285445838629
10.0,6.0,1.0,0.9803921568627451,0.46357232036518053,0.46357232059047904,0.4915945719794326,0.49166581976514134,0.49158247085109574,0.491535425667497,0.4915354252069154,0.49158247039051417,0.49166581999543213
10.0,6.0,1.0,0.9523809523809523,0.26244619922093404,0.26244619676664227,0.30252009635236554,0.30276476595816615,0.3024900357283755,0.30230549059462597,0.30230549289753383,0.30249002974081507,0.3027647631946767
10.0,6.0,1.0,0.9090909090909091,0.1564290268808118,0.156429027651062,0.2049488837642499,0.20550391526500955,0.20492620871930822,0.20441652569639646,0.20441652730843196,0.20492620941018058,0.2055039161861727
20.0,6.0,1.0,1.0101010101010102,13968.182387403713,13968.182387404173,13968.182405008507,13968.182405008507,13968.182405008276,13968.182405008736,13968.182405008276,13968.182405008276,13968.182405008967
20.0,6.0,1.0,1.0050251256281406,6948.997275350658,6948.997275350658,6948.9973103833045,6948.9973103833045,6948.9973103833045,6948.9973103833045,6948.9973103833045,6948.9973103833045,6948.9973103833045
20.0,6.0,1.0,1.002004008016032,2771.2569505613224,2771.2569505613224,2771.2570378793116,2771.2570378792348,2771.2570378792348,2771.2570378794653,2771.2570378794653,2771.2570378792348,2771.2570378792348
20.0,6.0,1.0,1.001001001001001,1384.2922088669027,1384.2922088666724,1384.2923833215539,1384.2923833214772,1384.292383321938,1384.292383321247,1384.2923833217076,1384.2923833217076,1384.292383321247
20.0,6.0,1.0,1.0005002501250624,692.0028802551944,692.0028802549641,692.0032288873489,692.003228887272,692.003228887272,692.0032288875024,692.0032288865812,692.0032288884235,692.0032288870417
20.0,6.0,1.0,1.0002000400080016,278.06216100965696,278.0621610103478,278.0630281126601,278.063028112545,278.06302811300554,278.0630281132358,278.063028112545,278.0630281113935,278.0630281132358
20.0,6.0,1.0,1.0,48.067702609297974,48.067702609297974,48.07271568149742,48.0727157045265,48.072715676891605,48.072715663074156,48.072715663074156,48.072715676891605,48.0727157045265
20.0,6.0,1.0,0.9990009990009991,8.89878884132864,8.898788840869166,8.925668036370562,8.925671560971049,8.92566733582599,8.925665212544938,8.925665212544938,8.92566733582599,8.925671560510468
20.0,6.0,1.0,0.998003992015968,6.280607871982755,6.280607872211935,6.318406700264614,6.318416560241399,6.318404755535687,6.318398784786466,6.31839878593792,6.318404754614523,6.31841656047169
20.0,6.0,1.0,0.9950248756218907,3.92889642877184,3.9288964287709542,3.9879762222935433,3.988014566937703,3.9879688390174026,3.9879452609255237,3.9879452616163964,3.9879688383265304,3.988014566937703
20.0,6.0,1.0,0.9900990099009901,2.724919513349232,2.724919513343347,2.8069927880066388,2.8070985649019944,2.8069732141725727,2.8069065845999135,2.8069065848302044,2.8069732146331545,2.8070985649019944
20.0,6.0,1.0,0.9803921568627451,1.8542331616930288,1.8542331616815972,1.9663249141130297,1.9666099287455245,1.9662765066059018,1.9660883069876622,1.966088307217953,1.966276506375611,1.9666099287455245
20.0,6.0,1.0,0.9523809523809523,1.0497756698016463,1.0497756696121283,1.2100721285636051,1.2110508056050628,1.2099519189992276,1.2092136610865252,1.2092136615471065,1.2099519187689367,1.211050805374772
20.0,6.0,1.0,0.9090909090909091,0.6257138550725664,0.6257138554766439,0.8197935400479167,0.8220136999037009,0.8197028412498947,0.8176640789901546,0.8176640773781191,0.8197028424013486,0.8220137003642825
30.0,6.0,1.0,1.0101010101010102,13968.184699865526,13968.184699865295,13968.184788989858,13968.184788989782,13968.184788990242,13968.18478898955,13968.184788990011,13968.184788990011,13968.18478898955
30.0,6.0,1.0,1.0050251256281406,6949.006621003582,6949.0066210024315,6949.006798356068,6949.006798356107,6949.006798356337,6949.0067983558765,6949.006798356798,6949.006798356337,6949.006798354955
30.0,6.0,1.0,1.002004008016032,2771.3157138922797,2771.3157138915885,2771.316155929655,2771.316155929732,2771.3161559295013,2771.316155929732,2771.316155929271,2771.3161559306527,2771.3161559290406
30.0,6.0,1.0,1.001001001001001,1384.5276305892917,1384.5276305892917,1384.5285136136508,1384.5285136146488,1384.528513613267,1384.528513613037,1384.5285136125763,1384.5285136137277,1384.5285136146488
30.0,6.0,1.0,1.0005002501250624,692.9421702236074,692.9421702233772,692.9439327743139,692.9439327746209,692.9439327743906,692.94393277393,692.9439327743906,692.9439327741603,692.9439327743906
30.0,6.0,1.0,1.0002000400080016,283.61691810022415,283.6169180999939,283.6212217371016,283.6212217404792,283.6212217361037,283.6212217338008,283.62122173518253,283.62122173679455,283.6212217402489
30.0,6.0,1.0,1.0,82.52954542243944,82.52954542289996,82.54432468528698,82.5443248006243,82.54432466268011,82.54432459244143,82.54432459359288,82.54432466129836,82.54432480108487
30.0,6.0,1.0,0.9990009990009991,19.94251377589477,19.942513775664953,20.00323114339726,20.00323917659238,20.00322954836489,20.00322470511936,20.00322470511936,20.00322954882547,20.00323917636209
30.0,6.0,1.0,0.998003992015968,14.11105248212087,14.111052482349788,14.196219580513448,14.196241876806809,14.196215186795532,14.196201678168292,14.196201677247128,14.196215187025823,14.1962418770371
30.0,6.0,1.0,0.9950248756218907,8.836726177158663,8.83672617738792,8.969702572941356,8.969788940814084,8.969685942799266,8.969632834980423,8.969632835671296,8.969685942338684,8.969788941044374
30.0,6.0,1.0,0.9900990099009901,6.130238300540659,6.130238299861483,6.314925623393418,6.315163710943105,6.314881566271155,6.314731593081138,6.314731592850848,6.314881566962027,6.315163710252233
30.0,6.0,1.0,0.9803921568627451,4.171814189625713,4.171814189178379,4.424030935692126,4.42467229994627,4.423922006576486,4.423498500438478,4.423498500438478,4.423922007267358,4.424672299485688
30.0,6.0,1.0,0.9523809523809523,2.3619609931273584,2.361960993361212,2.722631200050324,2.7248333048781603,2.7223607252104487,2.7206995700623624,2.7206995702926533,2.7223607247498673,2.7248333051084512
30.0,6.0,1.0,0.9090909090909091,1.4078477391435875,1.4078477389747333,1.8445281066838861,1.8495234844947999,1.8443240376124077,1.8397367975990147,1.8397367980595964,1.844324038072989,1.8495234842645092
10.0,8.0,1.0,1.0101010101010102,24832.32326789985,24832.323267899443,24832.32326900022,24832.32326900015,24832.32326900056,24832.323268999742,24832.32326899933,24832.32326900179,24832.323268999742
10.0,8.0,1.0,1.0050251256281406,12353.768988000633,12353.768987999814,12353.768990190309,12353.768990190172,12353.768990190172,12353.768990190581,12353.768990190581,12353.76899019099,12353.768990189354
10.0,8.0,1.0,1.002004008016032,4926.654210722013,4926.654210723242,4926.654216179138,4926.6542161794105,4926.654216179001,4926.654216177364,4926.654216180639,4926.654216177773,4926.654216180639
10.0,8.0,1.0,1.001001001001001,2460.8644845699046,2460.8644845703143,2460.864495474032,2460.8644954737592,2460.8644954737592,2460.8644954745782,2460.8644954745782,2460.86449547335,2460.864495474169
10.0,8.0,1.0,1.0005002501250624,1229.829416535963,1229.829416535963,1229.829438332812,1229.829438332539,1229.829438332539,1229.8294383333578,1229.8294383341768,1229.8294383317202,1229.829438332539
10.0,8.0,1.0,1.0002000400080016,491.86906057783875,491.86906057906697,491.8691150439177,491.8691150435083,491.8691150439177,491.8691150443271,491.8691150451459,491.86911504187066,491.86911504473653
10.0,8.0,1.0,1.0,27.99595394306699,27.995953943476387,27.996910420314336,27.99691042468133,27.99691041976846,27.996910416083807,27.996910416902622,27.996910419359054,27.99691042509074
10.0,8.0,1.0,0.9990009990009991,2.9740706688146994,2.9740706688149237,2.98300714711115,2.9830083044332323,2.9830069153192085,2.983006222195117,2.9830062209668995,2.9830069153192085,2.9830083044332323
10.0,8.0,1.0,0.998003992015968,2.095503732211946,2.095503733027736,2.108091768948861,2.1080950464473336,2.1080911222923326,2.1080891379022137,2.108089137492808,2.1080911222923326,2.1080950472661453
10.0,8.0,1.0,0.9950248756218907,1.3099494919006685,1.3099494923056958,1.3296381531001877,1.329651012401234,1.3296356969380696,1.3296277499612597,1.3296277495518538,1.3296356969380696,1.3296510128106398
10.0,8.0,1.0,0.9900990099009901,0.9083865383735493,0.9083865383984545,0.9357421913950059,0.9357773839212324,0.9357356675129047,0.9357135227508806,0.9357135207038514,0.9357356695599339,0.9357773839212324
10.0,8.0,1.0,0.9803921568627451,0.6180979833989224,0.618097982959907,0.6554609062545458,0.655555905536831,0.6554447661797802,0.6553820464329174,0.65538205011757,0.655444764132751,0.6555559051274251
10.0,8.0,1.0,0.9523809523809523,0.34992852293838,0.3499285225574547,0.40336036647108386,0.403686587869867,0.40332029696599214,0.4030742141679866,0.40307421580561,0.4033202965565863,0.40368658746046115
10.0,8.0,1.0,0.9090909090909091,0.20857210482505784,0.20857212033545341,0.2732652723109741,0.27400528278773706,0.27323506921375085,0.2725554567433175,0.27255542644728514,0.27323509705334814,0.2740053016204058
20.0,8.0,1.0,1.0101010101010102,24832.323801545102,24832.32380154469,24832.323819149966,24832.323819149897,24832.323819149897,24832.323819150304,24832.32381914908,24832.323819151126,24832.323819149486
20.0,8.0,1.0,1.0050251256281406,12353.771144697632,12353.771144699269,12353.771179730555,12353.771179730284,12353.771179730693,12353.771179730693,12353.771179730693,12353.771179729056,12353.77117973192
20.0,8.0,1.0,1.002004008016032,4926.667772271289,4926.667772272108,4926.667859589129,4926.667859589402,4926.667859589402,4926.667859588583,4926.667859587764,4926.667859589402,4926.66785959022
20.0,8.0,1.0,1.001001001001001,2460.918837633057,2460.9188376338757,2460.9190120909952,2460.919012090859,2460.9190120916774,2460.919012090449,2460.919012090449,2460.919012090859,2460.9190120916774
20.0,8.0,1.0,1.0005002501250624,1230.0469704659624,1230.046970465553,1230.047319149443,1230.0473191493065,1230.0473191493065,1230.047319149716,1230.0473191505348,1230.047319148897,1230.047319148897
20.0,8.0,1.0,1.0002000400080016,493.22167809092934,493.22167809215756,493.2225471490826,493.22254714921905,493.22254714962844,493.2225471484002,493.2225471500379,493.2225471467626,493.22254715044727
20.0,8.0,1.0,1.0,70.54174502768363,70.54174502768362,70.54781802734016,70.54781805019866,70.54781802317787,70.54781800762045,70.54781800843925,70.54781802440608,70.54781805019866
20.0,8.0,1.0,0.9990009990009991,11.874617997129992,11.874617996721842,11.910428379042237,11.910433060052172,11.91042744709807,11.910424629567062,11.910424630385874,11.910427447507477,11.910433059642767
20.0,8.0,1.0,0.998003992015968,8.376561820790037,8.376561820789428,8.426946001546588,8.426959164422065,8.42694341089465,8.426935429527749,8.426935429527749,8.426943410485244,8.426959164422065
20.0,8.0,1.0,0.9950248756218907,5.238919010793844,5.238919012010487,5.3176864914140864,5.3177376264767595,5.31767665038938,5.317645196966714,5.317645199013743,5.317676647932945,5.317737627704977
20.0,8.0,1.0,0.9900990099009901,3.6333245038564677,3.633324504674256,3.742752910784763,3.7428938999900296,3.742726812868158,3.742638018881994,3.7426380205196175,3.7427268116399404,3.7428939008088413
20.0,8.0,1.0,0.9803921568627451,2.472335820995072,2.4723358201848664,2.6217902329693343,2.622170279431879,2.621725691298238,2.621474727973183,2.621474727973183,2.6217256925264554,2.6221702786130674
20.0,8.0,1.0,0.9523809523809523,1.3997049567804802,1.3997049568710112,1.613433182375923,1.6147380855755067,1.6132729039461502,1.612288557196706,1.6122885584249236,1.6132729035367444,1.6147380855755067
20.0,8.0,1.0,0.9090909090909091,0.8342861530781853,0.8342861489228498,1.0930590679390173,1.096019152901917,1.0929381254273007,1.0902199215984787,1.0902199351088715,1.092938124608489,1.0960191479890469
30.0,8.0,1.0,1.0101010101010102,24832.326114007727,24832.3261140065,24832.32620313192,24832.32620313199,24832.32620313199,24832.32620313199,24832.32620313281,24832.32620313199,24832.326203130764
30.0,8.0,1.0,1.0050251256281406,12353.780490367852,12353.780490367442,12353.780667720372,12353.78066772051,12353.7806677201,12353.78066772051,12353.78066772051,12353.78066772051,12353.7806677201
30.0,8.0,1.0,1.002004008016032,4926.726537244371,4926.726537242734,4926.72697928658,4926.726979286989,4926.72697928658,4926.726979286171,4926.726979286989,4926.7269792873985,4926.726979285352
30.0,8.0,1.0,1.001001001001001,2461.1543118546037,2461.1543118546037,2461.1551949621207,2461.155194962257,2461.1551949618474,2461.155194962257,2461.1551949630757,2461.155194961029,2461.155194962257
30.0,8.0,1.0,1.0005002501250624,1230.9879270798533,1230.9879270810814,1230.9896909361676,1230.9896909363042,1230.9896909363042,1230.9896909358947,1230.9896909367135,1230.9896909342572,1230.9896909375323
30.0,8.0,1.0,1.0002000400080016,498.9190994301407,498.9190994309595,498.9234487399546,498.92344874159227,498.9234487399546,498.923448738317,498.9234487374982,498.9234487399546,498.92344874241104
30.0,8.0,1.0,1.0,121.11778374054141,121.11778374054141,121.13568802337676,121.1356881384198,121.13568800045003,121.13568793044163,121.13568793207925,121.13568800045003,121.1356881384198
30.0,8.0,1.0,0.9990009990009991,26.63761523331603,26.6376152337242,26.71842868081131,26.71843933491602,26.7184265659572,26.718420141560717,26.718420141151313,26.7184265659572,26.718439335325428
30.0,8.0,1.0,0.998003992015968,18.826902047762925,18.826902046541004,18.940386408419688,18.940416084679825,18.940380561353678,18.940362579430257,18.940362579430257,18.940380562172486,18.940416083451606
30.0,8.0,1.0,0.9950248756218907,11.784275065420253,11.784275064203364,11.96154882517615,11.961663920553622,11.96152666274144,11.961455892438089,11.961455893666306,11.961526662332034,11.961663919325405
30.0,8.0,1.0,0.9900990099009901,8.174149342925775,8.17414934373309,8.420385637222516,8.420703031694865,8.420326904406217,8.420126975566466,8.420126976385278,8.420326902768593,8.420703032513677
30.0,8.0,1.0,0.9803921568627451,5.5625451670879915,5.562545167881741,5.898827976289444,5.89968308371307,5.898682744752604,5.898118100402661,5.898118099583849,5.898682744752604,5.8996830845318815
30.0,8.0,1.0,0.9523809523809523,3.14930188551768,3.1493018857726884,3.6301936173866345,3.6331296810758307,3.6298329859726586,3.6276181847020084,3.627618185111414,3.6298329859726586,3.6331296814852365
30.0,8.0,1.0,0.9090909090909091,1.8771353821279098,1.8771353820601915,2.459375243544759,2.466035719811277,2.459103148327735,2.4529868620858597,2.452986864132889,2.4591031470995173,2.466035719811277
10.0,2.0,3.0,3.0303030303030303,1552.0205222072213,1552.0205222072213,1552.0205321099618,1552.020532109916,1552.0205321099843,1552.0205321099843,1552.020532109916,1552.0205321100525,1552.020532109916
10.0,2.0,3.0,3.015075376884422,772.1118467781329,772.111846778167,772.111866484026,772.1118664839692,772.1118664840375,772.1118664840716,772.111866483935,772.1118664841398,772.1118664840033
10.0,2.0,3.0,3.006012024048096,307.92396821022805,307.92396821019395,307.9240173254547,307.92401732550013,307.924017325466,307.9240173253978,307.924017325466,307.9240173254319,307.924017325466
10.0,2.0,3.0,3.0030030030030033,153.8364033980698,153.8364033979333,153.8365015119512,153.83650151199672,153.8365015119626,153.83650151189437,153.83650151189437,153.83650151209906,153.83650151186023
10.0,2.0,3.0,3.001500750375187,76.99357446791814,76.99357446795226,76.99377030689524,76.993770306918,76.99377030688387,76.99377030688387,76.99377030695211,76.99377030678153,76.99377030695211
10.0,2.0,3.0,3.0006001200240044,31.51299090176353,31.51299090176353,31.513469083662898,31.513469084015444,31.51346908357192,31.513469083401336,31.5134690833331,31.513469083640157,31.513469084015444
10.0,2.0,3.0,3.0,9.169949490803566,9.169949490769453,9.171591630969301,9.17159164393382,9.17159162844463,9.171591620529451,9.171591620495334,9.171591628512864,9.171591643899701
10.0,2.0,3.0,2.9970029970029977,2.215834868437348,2.21583486847142,2.2225812426857248,2.222582135201834,2.2225810654926015,2.2225805273627386,2.2225805273627386,2.2225810654584843,2.222582135235951
10.0,2.0,3.0,2.9940119760479043,1.5678947215524603,1.5678947215524714,1.5773577319187382,1.5773602098476003,1.577357243736388,1.5773557421722262,1.5773557421722262,1.577357243736388,1.5773602098476003
10.0,2.0,3.0,2.9850746268656723,0.9818584600429282,0.9818584601107159,0.9966336159262438,0.9966432115519508,0.9966317681810111,0.9966258680628282,0.9966258679945939,0.9966317681468939,0.9966432116201851
10.0,2.0,3.0,2.9702970297029703,0.6811375910555472,0.6811375910219022,0.7016584045937005,0.7016848588867197,0.7016535093166687,0.7016368455777133,0.7016368456118305,0.7016535093166687,0.7016848588526026
10.0,2.0,3.0,2.941176470588235,0.46353491061894286,0.4635349106097689,0.4915589947837214,0.4916302561466357,0.491546891496053,0.4914998367084755,0.491499836810827,0.49154689139370156,0.4916302561466357
10.0,2.0,3.0,2.8571428571428568,0.2624401115202548,0.26244011152032953,0.30251457909687973,0.30275925722343944,0.3024845262516007,0.30229995381559904,0.3022999537814819,0.30248452628571787,0.30275925722343944
10.0,2.0,3.0,2.727272727272727,0.15642752658355552,0.15642752655580106,0.20494756804190958,0.20550260941389897,0.20492489369068334,0.2044152010211464,0.2044152009529121,0.2049248937930348,0.20550260937978182
20.0,2.0,3.0,3.0303030303030303,1552.025324980156,1552.0253249800196,1552.0254834227178,1552.0254834227578,1552.0254834226894,1552.0254834227237,1552.0254834226553,1552.0254834228601,1552.0254834226212
20.0,2.0,3.0,3.015075376884422,772.1312559287925,772.1312559288607,772.1315712139991,772.1315712140218,772.1315712140218,772.1315712139536,772.1315712140218,772.1315712138854,772.1315712140901
20.0,2.0,3.0,3.006012024048096,308.0459124375574,308.0459124375915,308.04669796734447,308.0466979674355,308.046697967299,308.0466979672308,308.046697967299,308.0466979673331,308.0466979674696
20.0,2.0,3.0,3.0030030030030033,154.3221045666083,154.3221045666083,154.32366942115218,154.32366942183452,154.3236694210157,154.3236694206063,154.32366942053807,154.32366942108393,154.32366942183452
20.0,2.0,3.0,3.001500750375187,78.84867270750834,78.84867270754246,78.85173220460156,78.85173220977599,78.85173220349844,78.85173220053025,78.85173220046201,78.85173220353255,78.85173220981011
20.0,2.0,3.0,3.0006001200240044,38.892745613264196,38.89274561323008,38.89894313698169,38.89894317993519,38.89894312841828,38.8989431025916,38.8989431025916,38.8989431284524,38.89894317990107
20.0,2.0,3.0,3.0,23.100580261747716,23.10058026181593,23.11100476584595,23.111004970736516,23.11100472495654,23.11100460186185,23.111004601895967,23.111004724820074,23.11100497080475
20.0,2.0,3.0,2.9970029970029977,8.68318053837129,8.683180538439373,8.710719477566448,8.710723273287424,8.710718724379108,8.71071643504987,8.710716435015753,8.710718724310873,8.710723273355658
20.0,2.0,3.0,2.9940119760479043,6.223898899587543,6.223898899553582,6.2620344752506965,6.262044612491902,6.262032478487423,6.262026334772763,6.262026334738646,6.262032478555657,6.262044612457784
20.0,2.0,3.0,2.9850746268656723,3.91958109761808,3.9195810976182206,3.9787937845146133,3.978832391991638,3.978786351848207,3.9787626096528195,3.9787626097210538,3.978786351882324,3.978832391991638
20.0,2.0,3.0,2.9702970297029703,2.722560938550439,2.722560938617139,2.8046980161323396,2.8048040468721114,2.8046783977967116,2.804611603711138,2.804611603745255,2.8046783977284773,2.8048040469403457
20.0,2.0,3.0,2.941176470588235,1.8536349830385788,1.8536349830064334,1.9657560278665052,1.966041276372088,1.9657075853637074,1.9655192217954864,1.965519221897838,1.9657075854319417,1.9660412763379709
20.0,2.0,3.0,2.8571428571428568,1.0496782263955202,1.0496782263950053,1.2099837515061163,1.2109626236123994,1.2098635304016114,1.209125100504338,1.209125100504338,1.2098635304016114,1.2109626236123994
20.0,2.0,3.0,2.727272727272727,0.6256898539435124,0.6256898539497883,0.8197724767342689,0.8219928093905926,0.8196817941987566,0.8176428265963986,0.8176428265622815,0.819681794266991,0.8219928093905926
30.0,2.0,3.0,3.0303030303030303,1552.0461362774358,1552.0461362774358,1552.0469383817338,1552.0469383817565,1552.0469383816542,1552.0469383817906,1552.0469383818588,1552.046938381586,1552.0469383817565
30.0,2.0,3.0,3.015075376884422,772.2153391961393,772.2153391960711,772.216935148908,772.2169351490444,772.216935148908,772.2169351487715,772.2169351487715,772.2169351489762,772.2169351489762
30.0,2.0,3.0,3.006012024048096,308.5721014039179,308.5721014038497,308.57607129131173,308.5760712935521,308.5760712908569,308.5760712895263,308.5760712895945,308.5760712908569,308.5760712934839
30.0,2.0,3.0,3.0030030030030033,156.35946462684802,156.35946462684802,156.3672829011587,156.36728291819452,156.36728289772424,156.36728288755734,156.36728288742086,156.36728289786072,156.36728291819452
30.0,2.0,3.0,3.001500750375187,85.42298719632258,85.42298719622023,85.4372804576178,85.43728056173198,85.43728043676084,85.43728037436057,85.43728037429233,85.43728043693143,85.43728056162962
30.0,2.0,3.0,3.0006001200240044,52.975024695622515,52.97502469565662,52.99804755739934,52.998047992847944,52.99804747037785,52.998047208972224,52.998047208903984,52.99804747041197,52.99804799288206
30.0,2.0,3.0,3.0,39.65260415711165,39.652604157213936,39.68333054053271,39.6833315766536,39.68333033369746,39.683329711229995,39.68332971116176,39.68333033369746,39.683331576755954
30.0,2.0,3.0,2.9970029970029977,18.9414535113426,18.94145351137663,19.005341077991663,19.005350441654844,19.00533922093245,19.005333571438875,19.00533357130241,19.00533922093245,19.00535044168896
30.0,2.0,3.0,2.9940119760479043,13.833467663160356,13.833467663058443,13.920305080347859,13.9203287268162,13.920300424385601,13.920286089858836,13.920286089824717,13.920300424487952,13.920328726713848
30.0,2.0,3.0,2.9850746268656723,8.789983823274403,8.7899838233082,8.923629309882656,8.923717004631193,8.923612431017991,8.923558493981732,8.923558494049965,8.923612430949756,8.92371700466531
30.0,2.0,3.0,2.9702970297029703,6.118335609239553,6.118335609239439,6.303345288331919,6.303584657926054,6.30330100726324,6.303150199789409,6.303150199789409,6.303301007297357,6.303584657926054
30.0,2.0,3.0,2.941176470588235,4.168789275521714,4.168789275586903,4.421154198368143,4.421796751711704,4.421045092512854,4.420620750862813,4.4206207509310484,4.421045092410503,4.421796751779938
30.0,2.0,3.0,2.8571428571428568,2.3614678259341315,2.3614678259659168,2.722183951347325,2.724387014059737,2.721913416609101,2.7202514233560793,2.720251423492548,2.721913416472632,2.724387014093854
30.0,2.0,3.0,2.727272727272727,1.4077262588269244,1.4077262588547685,1.844421692900881,1.8494177541309775,1.84421769363452,1.839629630903028,1.8396296309371452,1.84421769363452,1.8494177541650947
10.0,4.0,3.0,3.0303030303030303,6208.081128267889,6208.081128267616,6208.081138170677,6208.081138170586,6208.081138170586,6208.081138170859,6208.081138170859,6208.081138170859,6208.081138170313
10.0,4.0,3.0,3.015075376884422,3088.4435050728002,3088.4435050728002,3088.4435247786605,3088.4435247786605,3088.443524778797,3088.443524778524,3088.443524778797,3088.443524778524,3088.4435247786605
10.0,4.0,3.0,3.006012024048096,1231.671463525742,1231.6714635258784,1231.6715126420902,1231.6715126419992,1231.671512642272,1231.6715126419992,1231.6715126417264,1231.6715126424087,1231.6715126421357
10.0,4.0,3.0,3.0030030030030033,615.2478252219161,615.2478252215067,615.2479233514365,615.2479233515274,615.247923351391,615.247923351391,615.247923351664,615.2479233515274,615.2479233511181
10.0,4.0,3.0,3.001500750375187,307.58420065249203,307.58420065235555,307.584396740378,307.5843967405145,307.5843967402415,307.584396740378,307.58439674065096,307.5843967401051,307.584396740378
10.0,4.0,3.0,3.0006001200240044,123.750621614682,123.7506216142726,123.75110869870825,123.75110869943606,123.75110869779844,123.75110869889019,123.75110869889019,123.75110869820784,123.75110869902666
10.0,4.0,3.0,3.0,23.108345608608957,23.10834560833605,23.11095249221994,23.110952505070735,23.110952489649783,23.11095248200754,23.110952481598133,23.110952490195658,23.1109525047978
10.0,4.0,3.0,2.9970029970029977,4.447606128177264,4.447606128585699,4.461051068496481,4.461052833922707,4.461050717976844,4.461049653658122,4.461049653658122,4.46105071743097,4.461052834332113
10.0,4.0,3.0,2.9940119760479043,3.139851063933754,3.1398510640696022,3.158753139504556,3.1587580764613765,3.158752166688039,3.158749175296016,3.158749175296016,3.158752166688039,3.158758076597845
10.0,4.0,3.0,2.9850746268656723,1.9643750313557802,1.9643750310861918,1.9939159701981495,1.993935144402359,1.993912277994303,1.9939004880613176,1.9939004883342548,1.9939122782672403,1.9939351441294217
10.0,4.0,3.0,2.9702970297029703,1.3624412945060882,1.3624412943725137,1.4034784308322539,1.4035313212452216,1.4034686433942234,1.403435327993785,1.4034353275843792,1.4034686436671606,1.403531321108753
10.0,4.0,3.0,2.941176470588235,0.927111905780244,0.9271119059338734,0.9831580214754313,0.9833005201827838,0.9831338170835924,0.9830397268869806,0.9830397274328551,0.9831338169471238,0.9833005203192524
10.0,4.0,3.0,2.8571428571428568,0.5248870701745204,0.524887069905615,0.6050353679478556,0.6055247107360717,0.6049752631215988,0.6046061301223649,0.6046061301223649,0.6049752631215988,0.6055247104631345
10.0,4.0,3.0,2.727272727272727,0.31285673768750677,0.31285673767381084,0.40989659698033404,0.41100668477365154,0.409851248823756,0.4088318574800631,0.4088318572071259,0.4098512486872874,0.41100668491012016
20.0,4.0,3.0,3.0303030303030303,6208.085931067497,6208.085931067633,6208.086089510426,6208.086089510517,6208.086089510244,6208.086089510517,6208.086089510517,6208.086089510108,6208.086089510653
20.0,4.0,3.0,3.015075376884422,3088.4629150719757,3088.4629150722485,3088.463230363814,3088.463230363723,3088.463230363723,3088.463230363723,3088.463230364542,3088.4632303631774,3088.463230363996
20.0,4.0,3.0,3.006012024048096,1231.7934905848665,1231.7934905851396,1231.7942763663568,1231.7942763662656,1231.7942763665387,1231.7942763662656,1231.7942763665387,1231.7942763659928,1231.7942763665387
20.0,4.0,3.0,3.0030030030030033,615.736144337241,615.7361443373774,615.7377131588837,615.7377131590201,615.7377131588837,615.7377131587472,615.7377131587472,615.7377131587472,615.7377131591566
20.0,4.0,3.0,3.001500750375187,309.5152821172789,309.5152821174154,309.51839989718343,309.5183998984344,309.5183998970697,309.51839989611443,309.51839989611443,309.5183998967967,309.51839989857086
20.0,4.0,3.0,3.0006001200240044,133.95024424281755,133.95024424281755,133.9574435089004,133.95744352573155,133.95744350553417,133.9574434954355,133.9574434954355,133.95744350553417,133.95744352573155
20.0,4.0,3.0,3.0,58.21946749811626,58.21946749838914,58.23601774002963,58.23601794498274,58.23601769892983,58.23601757610808,58.236017575698675,58.23601769920277,58.23601794525568
20.0,4.0,3.0,2.9970029970029977,17.602491068869565,17.602491068733457,17.656838531405725,17.656845824538657,17.656837083996855,17.656832685886357,17.656832685476953,17.656837084133326,17.65684582440219
20.0,4.0,3.0,2.9940119760479043,12.510972458519053,12.510972458790869,12.586867000621304,12.586886974508849,12.586863065617049,12.58685096180625,12.586850961669782,12.586863065344112,12.586886974781786
20.0,4.0,3.0,2.9850746268656723,7.8496156644866675,7.849615663947338,7.967891765880687,7.967968684572746,7.967876955965503,7.967829657172043,7.967829657308512,7.96787695623844,7.9679686840268715
20.0,4.0,3.0,2.9702970297029703,5.447772922493676,5.4477729226277045,5.611975337348585,5.612187115826339,5.611936150590724,5.6118027456969255,5.6118027456969255,5.611936150317787,5.612187115962808
20.0,4.0,3.0,2.941176470588235,3.7079427226963086,3.7079427226968646,3.9321518665634976,3.932722099325936,3.932055020678904,3.931678479753886,3.931678479890355,3.9320550204059668,3.932722099325936
20.0,4.0,3.0,2.8571428571428568,2.099466066627814,2.099466066744345,2.4200669118456344,2.4220244429852045,2.4198264828968252,2.4183498095184053,2.4183498095184053,2.419826483033294,2.422024443121673
20.0,4.0,3.0,2.727272727272727,1.2514067123735504,1.251406712277281,1.6395687135299413,1.6440091252270417,1.639387326430608,1.6353096888639396,1.6353096888639396,1.6393873267035453,1.644009125090573
30.0,4.0,3.0,3.0303030303030303,6208.106743018257,6208.10674301812,6208.107545133196,6208.107545133196,6208.107545133196,6208.107545133196,6208.107545133196,6208.107545133333,6208.10754513306
30.0,4.0,3.0,3.015075376884422,3088.547019301559,3088.5470193014226,3088.5486154213577,3088.5486154213577,3088.548615421085,3088.548615421631,3088.5486154213577,3088.5486154214946,3088.5486154212213
30.0,4.0,3.0,3.006012024048096,1232.3217116965768,1232.3217116963037,1232.3256879906403,1232.3256879911862,1232.3256879906403,1232.3256879900944,1232.3256879906403,1232.3256879903672,1232.3256879909131
30.0,4.0,3.0,3.0030030030030033,617.8344560628536,617.8344560624442,617.8423710982165,617.84237110272,617.8423710973977,617.8423710945319,617.8423710948049,617.8423710975342,617.8423711023106
30.0,4.0,3.0,3.001500750375187,317.3784760428308,317.3784760428308,317.3938676578893,317.39386769032336,317.39386765156627,317.39386763177833,317.39386763205124,317.39386765129336,317.39386769032336
30.0,4.0,3.0,3.0006001200240044,161.33589319405414,161.33589319364478,161.36614547879205,161.3661457254818,161.3661454293449,161.3661452815494,161.36614528100353,161.36614543030018,161.36614572507239
30.0,4.0,3.0,3.0,99.94674765663895,99.94674765636611,99.99553475775235,99.99553579482283,99.99553455050201,99.99553392793219,99.99553392765925,99.99553455104788,99.9955357945499
30.0,4.0,3.0,2.9970029970029977,38.94681782845692,38.94681782818458,39.071143986347735,39.07116123306924,39.07114056407881,39.07113016203163,39.071130161485755,39.071140564624685,39.0711612327963
30.0,4.0,3.0,2.9940119760479043,27.972554506006187,27.972554505870306,28.144374465842876,28.144420252086455,28.144365447655684,28.1443376975818,28.144337697991205,28.144365447792154,28.144420251949988
30.0,4.0,3.0,2.9850746268656723,17.63225842293466,17.632258423204473,17.898799274699638,17.89897317174183,17.898765796492142,17.89865885559201,17.898658855864944,17.898765796492142,17.898973172014763
30.0,4.0,3.0,2.9702970297029703,12.250035131698764,12.250035131298475,12.619692295093488,12.62016959559551,12.619603984638372,12.619303304841889,12.619303305251295,12.619603985047778,12.620169595186104
30.0,4.0,3.0,2.941176470588235,8.340979195825932,8.340979195954645,8.845542423120484,8.84682619037953,8.845324410051347,8.84447666879411,8.844476669203516,8.84532440977841,8.846826190516
30.0,4.0,3.0,2.8571428571428568,4.723490369947847,4.723490369684625,5.444870970142769,5.449276016931037,5.4443299676155466,5.4410069258817195,5.441006925745251,5.444329968024952,5.4492760166581
30.0,4.0,3.0,2.727272727272727,2.8155891727287914,2.81558917276307,3.6889630922490055,3.6989544459132606,3.688555015110362,3.679379815586925,3.6793798158598623,3.688555015110362,3.6989544459132606
10.0,6.0,3.0,3.0303030303030303,13968.18213836912,13968.18213836912,13968.182148271715,13968.182148271817,13968.182148271817,13968.18214827151,13968.182148270897,13968.182148272432,13968.182148271817
10.0,6.0,3.0,3.015075376884422,6948.996268892569,6948.996268893184,6948.996288598643,6948.996288598438,6948.996288599053,6948.996288598438,6948.9962885996665,6948.99628859721,6948.996288599053
10.0,6.0,3.0,3.006012024048096,2771.2506219013785,2771.250621901071,2771.250671017606,2771.2506710178104,2771.250671017503,2771.250671017503,2771.250671017503,2771.2506710178104,2771.250671017503
10.0,6.0,3.0,3.0030030030030033,1384.266846169437,1384.266846169437,1384.2669443019524,1384.2669443019524,1384.2669443016453,1384.2669443022594,1384.2669443022594,1384.2669443016453,1384.2669443019524
10.0,6.0,3.0,3.001500750375187,691.9014208656355,691.9014208671707,691.9016170002982,691.9016169999911,691.9016170006053,691.9016170002982,691.9016170002982,691.9016169990699,691.9016170015263
10.0,6.0,3.0,3.0006001200240044,277.43719394387114,277.4371939441782,277.43768278957754,277.4376827891681,277.43768278978223,277.43768278978223,277.43768278978223,277.43768278947516,277.43768278947516
10.0,6.0,3.0,3.0,39.67973155805076,39.6797315583578,39.683147618974594,39.68314763320144,39.683147616313455,39.68314760740888,39.68314760679477,39.68314761662051,39.6831476335085
10.0,6.0,3.0,2.9970029970029977,6.6794726557290955,6.679472656035257,6.699615988389717,6.699618628443293,6.699615464247888,6.699613873092081,6.699613872170918,6.699615463633779,6.699618628750348
10.0,6.0,3.0,2.9940119760479043,4.711815986030891,4.711815985726095,4.740157095996123,4.740164491912669,4.740155638920729,4.740151157769079,4.740151156847916,4.740155638920729,4.740164491605614
10.0,6.0,3.0,2.9850746268656723,2.9468919528768533,2.9468919528735324,2.9911986720954187,2.991227424258336,2.991193135495507,2.9911754565324133,2.9911754565324133,2.991193135495507,2.991227424258336
10.0,6.0,3.0,2.9702970297029703,2.0437450392937855,2.043745038693701,2.105298497181207,2.105377824578425,2.1052838177300193,2.105233849542232,2.105233849542232,2.1052838177300193,2.105377823964316
10.0,6.0,3.0,2.941176470588235,1.390688891318465,1.3906888907442232,1.4747570111500299,1.4749707744273088,1.4747207065751833,1.4745795527546512,1.4745795521405425,1.474720707189292,1.4749707738132
10.0,6.0,3.0,2.8571428571428568,0.7873340310671684,0.7873340307939236,0.90755615953389,0.9082901665345533,0.9074660034033122,0.906912308510277,0.9069123094314402,0.9074660030962578,0.9082901662274989
10.0,6.0,3.0,2.727272727272727,0.469285957047027,0.4692859570026244,0.6148456595070961,0.6165107673662407,0.6147776345257983,0.6132485764757223,0.6132485767827767,0.6147776348328526,0.6165107670591863
20.0,6.0,3.0,3.0303030303030303,13968.186941173362,13968.18694117367,13968.187099616252,13968.187099616456,13968.187099615534,13968.187099616764,13968.187099616149,13968.187099615841,13968.187099616764
20.0,6.0,3.0,3.015075376884422,6949.015679049185,6949.015679049491,6949.015994342248,6949.015994342146,6949.015994342452,6949.015994342146,6949.015994342146,6949.015994342146,6949.015994342452
20.0,6.0,3.0,3.006012024048096,2771.3726643230857,2771.3726643237,2771.3734501510207,2771.373450151123,2771.373450151123,2771.373450150816,2771.3734501514305,2771.3734501498952,2771.3734501517374
20.0,6.0,3.0,3.0030030030030033,1384.755655213842,1384.755655213842,1384.757224777298,1384.7572247767862,1384.7572247777075,1384.7572247774003,1384.7572247774003,1384.7572247777075,1384.7572247767862
20.0,6.0,3.0,3.001500750375187,693.84772555261,693.847725552917,693.8508548762469,693.8508548759398,693.850854876861,693.8508548759398,693.850854876554,693.8508548759398,693.8508548762469
20.0,6.0,3.0,3.0006001200240044,288.6266948591661,288.626694858859,288.6342128197921,288.6342128281849,288.63421281774504,288.63421281344625,288.6342128128322,288.6342128186662,288.63421282787783
20.0,6.0,3.0,3.0,99.97366521388425,99.97366521449827,99.99535342014563,99.99535362505326,99.9953533791027,99.99535325628094,99.99535325628094,99.99535337848859,99.99535362566736
20.0,6.0,3.0,2.9970029970029977,26.527204069416232,26.527204070641794,26.608350101957928,26.60836089384476,26.608347960714195,26.608341450854244,26.60834145177541,26.60834795948598,26.60836089507298
20.0,6.0,3.0,2.9940119760479043,18.798576092443327,18.798576092137964,18.912227685071194,18.912257500665785,18.91222181204203,18.912203742505763,18.912203742505763,18.912221812349085,18.91225750035873
20.0,6.0,3.0,2.9850746268656723,11.779672700119983,11.779672700425792,11.95701201365918,11.957127247432886,11.956989826472475,11.956918967225704,11.95691896691865,11.95698982616542,11.95712724773994
20.0,6.0,3.0,2.9702970297029703,8.172986922142503,8.17298692154255,8.419254648140756,8.419572165758971,8.419195892414788,8.418995886094983,8.418995886402037,8.419195893028897,8.419572165144862
20.0,6.0,3.0,2.941176470588235,5.5622506250062935,5.5622506247233705,5.8985478621084155,5.899403078672815,5.89840261289889,5.897837895367653,5.897837894139435,5.898402613205944,5.899403078365761
20.0,6.0,3.0,2.8571428571428568,3.1492539068773016,3.1492539068829104,3.630150071974764,3.633086261334495,3.6297894359379135,3.6275745184983554,3.6275745184983554,3.629789436244968,3.633086261334495
20.0,6.0,3.0,2.727272727272727,1.8771235729704165,1.877123572719212,2.459364899343214,2.466025441779951,2.459092810625507,2.452976445470656,2.4529764460847647,2.459092810625507,2.4660254414728966
30.0,6.0,3.0,3.0303030303030303,13968.207753245048,13968.207753245355,13968.20855536216,13968.208555361956,13968.208555362879,13968.20855536165,13968.20855536165,13968.208555362571,13968.208555362264
30.0,6.0,3.0,3.015075376884422,6949.099787160071,6949.099787160685,6949.101383310972,6949.101383310766,6949.101383310766,6949.10138331138,6949.1013833101515,6949.10138331138,6949.10138331138
30.0,6.0,3.0,3.006012024048096,2771.901264353699,2771.901264353392,2771.9052418406914,2771.9052418412025,2771.905241839974,2771.9052418408955,2771.9052418396673,2771.9052418415095,2771.9052418408955
30.0,6.0,3.0,3.0030030030030033,1386.8658650937282,1386.8658650937282,1386.8737988478072,1386.8737988499568,1386.8737988478074,1386.873798845658,1386.873798845044,1386.8737988484215,1386.8737988499568
30.0,6.0,3.0,3.001500750375187,702.0403837725389,702.0403837725389,702.0560405781048,702.0560405932528,702.0560405754436,702.0560405656179,702.056040566232,702.0560405748295,702.0560405932528
30.0,6.0,3.0,3.0006001200240044,324.6391153988378,324.63911539914477,324.672948192325,324.67294834472636,324.67294816141487,324.67294807083385,324.67294806960564,324.672948162336,324.6729483450334
30.0,6.0,3.0,3.0,171.63540086509013,171.63540086601103,171.69933639954908,171.69933743729055,171.69933619249207,171.69933556886463,171.69933556825052,171.69933619218503,171.6993374382117
30.0,6.0,3.0,2.9970029970029977,59.00334213977872,59.00334213977875,59.18800962697002,59.18803474606549,59.18800464214683,59.18798949300479,59.187989492083624,59.18800464245388,59.18803474606549
30.0,6.0,3.0,2.9940119760479043,42.11726281963579,42.11726281932976,42.374044815130695,42.37411273811876,42.37403143533835,42.37399027162792,42.37399027193497,42.37403143595246,42.37411273781171
30.0,6.0,3.0,2.9850746268656723,26.474784298642014,26.474784299250615,26.8742182900464,26.87447838885343,26.874168212649607,26.87400826894323,26.874008268022067,26.874168212342553,26.874478389467537
30.0,6.0,3.0,2.9702970297029703,18.381757423315836,18.381757423014044,18.93606168175251,18.936776909204823,18.935929342081536,18.93547879443175,18.93547879381764,18.935929342081536,18.93677690889777
30.0,6.0,3.0,2.941176470588235,12.513171191265606,12.513171190667656,13.269932655178302,13.271857637080664,13.26960573401964,13.268334594895181,13.268334593666964,13.269605734940804,13.271857636466555
30.0,6.0,3.0,2.8571428571428568,7.085512983781004,7.0855129837817605,8.16755805685409,8.174165084113172,8.166746587299823,8.161762498995751,8.161762499609859,8.166746586992769,8.174165084113172
30.0,6.0,3.0,2.727272727272727,4.223452097186592,4.223452097188361,5.5335045018663935,5.548491148476565,5.532892346787232,5.519130010949491,5.519130010028328,5.532892346480178,5.548491148476565
10.0,8.0,3.0,3.0303030303030303,24832.32355250989,24832.323552509883,24832.323562413043,24832.323562412585,24832.323562413676,24832.323562412585,24832.323562413676,24832.32356241313,24832.323562412585
10.0,8.0,3.0,3.015075376884422,12353.770138239413,12353.770138239413,12353.77015794519,12353.77015794528,12353.77015794528,12353.77015794528,12353.770157943643,12353.770157946372,12353.77015794528
10.0,8.0,3.0,3.006012024048096,4926.661443567368,4926.6614435668225,4926.661492683691,4926.661492683872,4926.661492683326,4926.661492683872,4926.661492683872,4926.661492683872,4926.661492683326
10.0,8.0,3.0,3.0030030030030033,2460.8934734688596,2460.8934734683135,2460.8935716023857,2460.8935716023857,2460.8935716023857,2460.8935716023857,2460.8935716023857,2460.8935716029314,2460.8935716018395
10.0,8.0,3.0,3.001500750375187,1229.9454644842021,1229.9454644831105,1229.945660634075,1229.9456606348026,1229.945660633165,1229.945660634257,1229.945660634257,1229.945660634257,1229.945660633711
10.0,8.0,3.0,3.0006001200240044,492.59230203436346,492.5923020354552,492.59279150459037,492.59279150477226,492.59279150477226,492.5927915042264,492.5927915042264,492.59279150368053,492.592791505864
10.0,8.0,3.0,3.0,58.23179651532033,58.23179651532033,58.23593483273087,58.235934846377724,58.235934829455616,58.23593482235925,58.2359348212675,58.235934830547365,58.235934846377724
10.0,8.0,3.0,2.9970029970029977,8.911363404955056,8.911363406589478,8.938205074145156,8.938208601312958,8.938204377336412,8.93820224351316,8.93820224351316,8.938204376244663,8.938208602950581
10.0,8.0,3.0,2.9940119760479043,6.283783204320011,6.283783202689254,6.321563340111069,6.3215731953285115,6.321561397889752,6.321555427114944,6.321555427114944,6.321561399527376,6.321573193690888
10.0,8.0,3.0,2.9850746268656723,3.929408934539946,3.9294089345306,3.988481433470259,3.9885197634099256,3.9884740529746665,3.9884504848449964,3.988450482115624,3.9884740540664154,3.9885197634099256
10.0,8.0,3.0,2.9702970297029703,2.725048755198992,2.725048755733924,2.8071185364866302,2.807224299389688,2.8070989649767952,2.8070323437287215,2.8070323459122193,2.8070989649767952,2.8072242999355623
10.0,8.0,3.0,2.941176470588235,1.8542658845027085,1.8542658845010902,1.9663560368978317,1.9666410365870135,1.9663076317533168,1.966119442626102,1.966119441534353,1.9663076322991913,1.9666410365870135
10.0,8.0,3.0,2.8571428571428568,1.0497810165007184,1.0497810175107027,1.2100769720564841,1.211055645259762,1.2099567623129914,1.2092185080508244,1.2092185091425733,1.2099567612212425,1.211055646351511
10.0,8.0,3.0,2.727272727272727,0.625715174112378,0.6257151736837275,0.819794708125432,0.8220148480482692,0.8197040069903849,0.8176652690647046,0.8176652690647046,0.8197040080821338,0.8220148475023947
20.0,8.0,3.0,3.0303030303030303,24832.32835531662,24832.32835531662,24832.328513759752,24832.32851375975,24832.328513758657,24832.32851376084,24832.328513758657,24832.32851376084,24832.32851375975
20.0,8.0,3.0,3.015075376884422,12353.789548450668,12353.789548451216,12353.789863744598,12353.789863744052,12353.7898637446,12353.789863745145,12353.789863745145,12353.789863744052,12353.7898637446
20.0,8.0,3.0,3.006012024048096,4926.7834913631,4926.783491362009,4926.784277207821,4926.784277207456,4926.784277207456,4926.784277207456,4926.784277208549,4926.78427720964,4926.784277206365
20.0,8.0,3.0,3.0030030030030033,2461.382454377283,2461.382454376191,2461.3840242001356,2461.3840242001356,2461.3840242001356,2461.3840242001356,2461.3840242001356,2461.3840242012275,2461.384024199044
20.0,8.0,3.0,3.001500750375187,1231.8971915079542,1231.8971915074083,1231.9003249314312,1231.9003249319771,1231.9003249319771,1231.9003249303394,1231.9003249292477,1231.9003249336147,1231.9003249314312
20.0,8.0,3.0,3.0006001200240044,504.20785446419217,504.2078544631005,504.21550537499803,504.2155053802748,504.2155053742702,504.2155053704491,504.21550536935734,504.2155053764537,504.21550537918307
20.0,8.0,3.0,3.0,146.71919182887925,146.71919182669606,146.7454660760393,146.7454662789226,146.74546603437085,146.74546591482436,146.7454659159161,146.7454660354626,146.74546627673914
20.0,8.0,3.0,2.9970029970029977,35.45335772811514,35.453357727025704,35.56129971393247,35.56131399619176,35.56129687920642,35.56128826639924,35.56128826639924,35.561296880298165,35.56131399510001
20.0,8.0,3.0,2.9940119760479043,25.086315533342038,25.086315531711318,25.237723696052182,25.23776334609824,25.2377158850436,25.23769185783351,25.237691856195887,25.237715886681222,25.237763344460618
20.0,8.0,3.0,2.9850746268656723,15.709735433693778,15.709735434232407,15.946137916412733,15.94629145797839,15.946108352034116,15.946013939771575,15.946013938679826,15.946108351488242,15.946291458524264
20.0,8.0,3.0,2.9702970297029703,10.898201420978753,10.898201421513175,11.226534437380517,11.226957705613927,11.22645611358486,11.2261894932157,11.2261894932157,11.22645611249311,11.226957706159801
20.0,8.0,3.0,2.941176470588235,7.416558589777374,7.41655859028701,7.864943917358354,7.8660841190894,7.864750265028597,7.863997368230002,7.863997367684128,7.864750264482723,7.866084119635275
20.0,8.0,3.0,2.8571428571428568,4.19904177093314,4.1990417694618145,4.840233253540838,4.8441481030199185,4.839752409108122,4.836799248494472,4.836799249586221,4.839752409653997,4.844148101382295
20.0,8.0,3.0,2.727272727272727,2.502840427238672,2.5028404268186795,3.2791610806643945,3.2880417528058814,3.278798290316942,3.27064319887036,3.2706431983244855,3.278798291408691,3.288041752260007
30.0,8.0,3.0,3.0303030303030303,24832.349167430377,24832.349167429828,24832.349969548144,24832.349969547966,24832.349969547966,24832.34996954851,24832.349969549603,24832.349969547417,24832.349969547417
30.0,8.0,3.0,3.015075376884422,12353.873657921911,12353.873657921911,12353.875254083068,12353.875254083432,12353.875254083432,12353.87525408234,12353.87525408125,12353.875254084523,12353.875254083432
30.0,8.0,3.0,3.006012024048096,4927.312224215857,4927.312224217495,4927.316202121222,4927.316202121404,4927.316202121404,4927.316202120858,4927.316202119766,4927.316202120858,4927.316202123042
30.0,8.0,3.0,3.0030030030030033,2463.496876901043,2463.496876901043,2463.504817269612,2463.504817271068,2463.50481726943,2463.5048172683387,2463.50481726943,2463.5048172683387,2463.504817271068
30.0,8.0,3.0,3.001500750375187,1240.2152266798366,1240.2152266809285,1240.2309829484782,1240.230982957576,1240.2309829466587,1240.2309829412,1240.2309829422916,1240.2309829444753,1240.230982958668
30.0,8.0,3.0,3.0006001200240044,545.5241638206268,545.5241638206268,545.5599597154627,545.5599598173592,545.5599596945374,545.5599596344913,545.5599596344913,545.5599596945374,545.5599598173592
30.0,8.0,3.0,3.0,251.89519709786137,251.89519709786134,251.97265380760996,251.97265484422556,251.97265360126943,251.97265297733492,251.97265297624315,251.97265360236116,251.97265484422556
30.0,8.0,3.0,2.9970029970029977,79.07447766362353,79.07447766416811,79.31945933417883,79.31949231909776,79.31945278741549,79.3194328952044,79.31943289575028,79.31945278796135,79.31949231964364
30.0,8.0,3.0,2.9940119760479043,56.2634517734268,56.26345177179562,56.60519046012353,56.60528050957545,56.60517272011347,56.605118150681655,56.60511815122753,56.60517272120522,56.60528050793783
30.0,8.0,3.0,2.9850746268656723,35.317373726221994,35.317373725145295,35.84970029323262,35.850046593804485,35.84963361794298,35.84942066849628,35.84942066849628,35.84963361794298,35.85004659271274
30.0,8.0,3.0,2.9702970297029703,24.513485441641503,24.51348544271468,25.25243669850381,25.25338985071155,25.252260329469145,25.251659915603675,25.2516599150578,25.252260328377396,25.2533898518033
30.0,8.0,3.0,2.941176470588235,16.685363633316214,16.68536363331655,17.694323321513362,17.696889512907354,17.693887493800453,17.692192958105224,17.69219295755935,17.693887493800453,17.696889512907354
30.0,8.0,3.0,2.8571428571428568,9.447535646794671,9.447535647280677,10.890245186769102,10.899054197967573,10.88916324867526,10.882518113664474,10.882518113664474,10.889163248129385,10.899054198513447
30.0,8.0,3.0,2.727272727272727,5.631315029615968,5.631315029350905,7.378045914599814,7.398027855065692,7.37722968126171,7.358880208017915,7.3588802074720405,7.3772296807158355,7.398027855065692
10.0,2.0,10.0,10.101010101010102,1552.0237596379477,1552.0237596378863,1552.0238696674614,1552.0238696676254,1552.0238696674205,1552.0238696673387,1552.0238696674,1552.0238696674205,1552.0238696675638
10.0,2.0,10.0,10.050251256281406,772.1249302043591,772.1249302043591,772.125149154289,772.1251491542993,772.1251491542993,772.1251491542583,772.1251491542174,772.1251491543607,772.1251491542993
10.0,2.0,10.0,10.020040080160319,308.0061890461136,308.006189046175,308.00673462403535,308.0067346240968,308.0067346239945,308.00673462401494,308.00673462401494,308.006734623933,308.0067346241582
10.0,2.0,10.0,10.01001001001001,154.164474623991,154.16447462401146,154.16556244588875,154.16556244619923,154.16556244578982,154.165562445667,154.165562445667,154.16556244578982,154.1655624462197
10.0,2.0,10.0,10.005002501250624,78.26283591745192,78.26283591751333,78.26497651760444,78.26497652020757,78.26497651707561,78.26497651551988,78.26497651560176,78.2649765169528,78.26497652026899
10.0,2.0,10.0,10.002000400080016,36.99662544633685,36.996625446398255,37.00115016926688,37.00115019336724,37.00115016446318,37.00115014997022,37.00115014997022,37.00115016440178,37.00115019342865
10.0,2.0,10.0,10.0,20.457740443888653,20.457740443806795,20.465915668177086,20.465915810486557,20.46591563978479,20.46591555428038,20.46591555428038,20.46591563982573,20.465915810404674
10.0,2.0,10.0,9.990009990009991,7.268060485025381,7.268060484943717,7.29090948851066,7.290912609104343,7.2909088692024415,7.290906987163783,7.290906987286605,7.290908869284323,7.290912609022461
10.0,2.0,10.0,9.98003992015968,5.195284197255581,5.195284197357648,5.227011798205015,5.2270202046238845,5.227010142349437,5.227005047621251,5.227005047621251,5.227010142288027,5.2270202047262355
10.0,2.0,10.0,9.950248756218906,3.2677663306618547,3.2677663306005553,3.317089531097647,3.3171216633459055,3.3170833449856008,3.317063584971669,3.3170635849511987,3.3170833450470116,3.3171216632844946
10.0,2.0,10.0,9.900990099009901,2.2691686785213543,2.269168678602654,2.3376062773206807,2.3376946041201907,2.3375899360365904,2.3375342917847908,2.3375342918462017,2.337589935934239,2.337694604202072
10.0,2.0,10.0,9.80392156862745,1.5447892438504027,1.5447892436775184,1.6382188566636025,1.638456542595541,1.6381784935326404,1.6380215338421555,1.6380215339649773,1.6381784936145216,1.6384565424317787
10.0,2.0,10.0,9.523809523809524,0.8747470799789036,0.8747470799784679,1.0083336012153177,1.0091492984376083,1.0082334187356556,1.007618086462454,1.0076180865033946,1.0082334187151853,1.0091492984376083
10.0,2.0,10.0,9.09090909090909,0.5214119590953481,0.521411959079028,0.6831470579761844,0.6849972711949159,0.6830714847998376,0.6813724179235647,0.6813724179645053,0.6830714847998376,0.6849972711744456
20.0,2.0,10.0,10.101010101010102,1552.077119821067,1552.0771198211282,1552.0788802322766,1552.0788802323414,1552.07888023228,1552.0788802321981,1552.0788802321572,1552.07888023228,1552.0788802324028
20.0,2.0,10.0,10.050251256281406,772.340460501071,772.340460501071,772.3439626945643,772.3439626952808,772.3439626944211,772.3439626939912,772.3439626939912,772.3439626944211,772.3439626952808
20.0,2.0,10.0,10.020040080160319,309.34891433402254,309.3489143341044,309.35760526808366,309.3576052787146,309.3576052659411,309.3576052595953,309.35760525951343,309.3576052659411,309.3576052787964
20.0,2.0,10.0,10.01001001001001,159.21278975379866,159.21278975379866,159.22963993872767,159.22964001626917,159.22963992319075,159.22963987670272,159.2296398767641,159.22963992317028,159.22964001626917
20.0,2.0,10.0,10.005002501250624,92.78133196537938,92.78133196533845,92.81020697990886,92.81020737108932,92.81020690176693,92.81020666687033,92.81020666687033,92.81020690180787,92.81020737104838
20.0,2.0,10.0,10.002000400080016,64.07646516053839,64.07646516041564,64.11822413515361,64.11822531958859,64.1182238986228,64.11822318725967,64.11822318730061,64.1182238986842,64.11822531946576
20.0,2.0,10.0,10.0,51.51920357814268,51.51920357814269,51.57108595780618,51.57108823117883,51.5710855042698,51.57108413798015,51.57108413793921,51.571085504290274,51.57108823117883
20.0,2.0,10.0,9.990009990009991,27.391399842651648,27.39139984275374,27.488333562836587,27.488348466529587,27.488330608021563,27.48832161394837,27.48832161390743,27.488330607980622,27.48834846663194
20.0,2.0,10.0,9.98003992015968,20.28695114562817,20.286951145587416,20.416881886285942,20.41691798248686,20.416874781306834,20.41685289506413,20.41685289506413,20.416874781347776,20.41691798244592
20.0,2.0,10.0,9.950248756218906,12.985415722412084,12.98541572245261,13.183939511525239,13.184070490505187,13.18391430708912,13.183833737001878,13.183833736919997,13.18391430708912,13.184070490546127
20.0,2.0,10.0,9.900990099009901,9.054715870581502,9.054715870441315,9.329061817238124,9.329417465893,9.328996036189778,9.328771949682768,9.328771949641828,9.32899603627166,9.329417465749707
20.0,2.0,10.0,9.80392156862745,6.173562609381077,6.173562609322082,6.547555277216477,6.5485081619320855,6.547393498846519,6.546764170829887,6.546764170911768,6.54739349890793,6.548508161870674
20.0,2.0,10.0,9.523809523809524,3.498075353972119,3.4980753540096905,4.032506442228873,4.035771009280196,4.032105601862764,4.029642715574364,4.029642715512953,4.032105601821822,4.035771009321136
20.0,2.0,10.0,9.09090909090909,2.0854229190141877,2.085422919081932,2.7323912068339253,2.7397933274783948,2.732089042071275,2.7252912509009297,2.725291251003281,2.7320890420098642,2.7397933275398056
30.0,2.0,10.0,10.101010101010102,1552.3082586375433,1552.3082586376456,1552.3171693164768,1552.3171693187082,1552.3171693160266,1552.317169314696,1552.317169314696,1552.3171693159243,1552.3171693188106
30.0,2.0,10.0,10.050251256281406,773.2715957456719,773.2715957456925,773.2893036484533,773.2893036661156,773.2893036449084,773.2893036343457,773.2893036343867,773.2893036448265,773.2893036661361
30.0,2.0,10.0,10.020040080160319,314.9143687614408,314.9143687614612,314.9575803101243,314.9575805682547,314.95758025849824,314.95758010362,314.95758010362,314.9575802584778,314.95758056827515
30.0,2.0,10.0,10.01001001001001,176.1515928913356,176.15159289135605,176.22864675139962,176.2286482185123,176.2286464582514,176.2286455774352,176.22864557739425,176.22864645827187,176.22864821853275
30.0,2.0,10.0,10.005002501250624,122.79135187735987,122.79135187733941,122.90168550192216,122.90168981586564,122.90168464105767,122.90168204884317,122.90168204884317,122.90168464107813,122.90168981584516
30.0,2.0,10.0,10.002000400080016,99.95435509931923,99.9543550992579,100.08970166836122,100.08970964129094,100.08970007908526,100.08969528471768,100.08969528471768,100.0897000791262,100.08970964122953
30.0,2.0,10.0,10.0,88.39879448860806,88.3987944885467,88.5516663336689,88.55167783368115,88.5516640435004,88.5516571238252,88.55165712380473,88.55166404358228,88.55167783361975
30.0,2.0,10.0,9.990009990009991,57.07267033160955,57.07267033158916,57.307936013087236,57.307978135271334,57.30792767438409,57.30790222960627,57.30790222954486,57.307927674465965,57.30797813525086
30.0,2.0,10.0,9.98003992015968,44.042168317502544,44.04216831752291,44.34489486421095,44.344985097152886,44.344877123956394,44.34482237159522,44.344822371451926,44.34487712393592,44.34498509717336
30.0,2.0,10.0,9.950248756218906,28.908982443359356,28.9089824433996,29.360161070792156,29.36046489106239,29.360102654299872,29.359915667044916,29.359915666963037,29.3601026542794,29.36046489110333
30.0,2.0,10.0,9.900990099009901,20.291987804724425,20.291987804844943,20.911478223427217,20.912287293030786,20.911328670396767,20.910818706802914,20.910818706864326,20.911328670314887,20.912287293153607
30.0,2.0,10.0,9.80392156862745,13.869648903459401,13.869648903496977,14.712156811678838,14.714309062798998,14.711791583858647,14.710369788317465,14.710369788419817,14.711791583838176,14.714309062839938
30.0,2.0,10.0,9.523809523809524,7.867250537585027,7.86725053749267,9.070038942700219,9.077390880498594,9.069136637643906,9.063589309947922,9.06358930990698,9.069136637807668,9.077390880396244
30.0,2.0,10.0,9.09090909090909,4.691358475977768,4.691358476020492,6.14714169431717,6.16380121022398,6.146462308753103,6.131161563913019,6.131161564035841,6.146462308712161,6.163801210264921
10.0,4.0,10.0,10.101010101010102,6208.084365712178,6208.084365711932,6208.084475742066,6208.084475742079,6208.084475741997,6208.084475742161,6208.084475741997,6208.084475742325,6208.084475741834
10.0,4.0,10.0,10.050251256281406,3088.4565889118803,3088.4565889117985,3088.456807865057,3088.456807865029,3088.456807865111,3088.456807865029,3088.456807865029,3088.456807865193,3088.456807864947
10.0,4.0,10.0,10.020040080160319,1231.75372419242,1231.753724192338,1231.754269891687,1231.7542698919056,1231.7542698918237,1231.7542698913323,1231.75426989166,1231.754269891578,1231.7542698918237
10.0,4.0,10.0,10.01001001001001,615.5771592742791,615.5771592745247,615.5782490166158,615.5782490167524,615.5782490165885,615.5782490165067,615.5782490165067,615.5782490163429,615.5782490169979
10.0,4.0,10.0,10.005002501250624,308.891166612342,308.8911666125876,308.89333612420427,308.8933361247502,308.89333612417704,308.89333612368574,308.89333612368574,308.89333612393136,308.8933361249958
10.0,4.0,10.0,10.002000400080016,130.9428547320819,130.94285473232756,130.94796918609202,130.94796919455305,130.9479691843998,130.94796917932317,130.94796917932317,130.94796918415415,130.9479691947987
10.0,4.0,10.0,10.0,51.557845982937486,51.55784598285562,51.570824991185,51.57082513324883,51.57082496269035,51.570824877288295,51.570824877779586,51.570824962936,51.57082513316695
10.0,4.0,10.0,9.990009990009991,14.702841912251754,14.702841912823558,14.748027613536076,14.748033649474648,14.748026415682816,14.748022775246064,14.748022775901113,14.748026414864004,14.748033650047816
10.0,4.0,10.0,9.98003992015968,10.434713048022376,10.434713047533316,10.497905732440623,10.497922332687555,10.4979024616837,10.497892403073434,10.497892403400959,10.497902461601818,10.497922332196268
10.0,4.0,10.0,9.950248756218906,6.542803621473161,6.542803621313599,6.641346259233867,6.641410317574072,6.641333925964741,6.641294534080906,6.641294534080906,6.6413339262922655,6.64141031741031
10.0,4.0,10.0,9.900990099009901,4.540179418218383,4.5401794186121265,4.67700479285742,4.677181233579049,4.676972144365452,4.676861000586818,4.6768610006686995,4.676972143956046,4.677181233988454
10.0,4.0,10.0,9.80392156862745,3.090045668767739,3.0900456690075284,3.2768820411333177,3.277357197226669,3.2768013430658094,3.2764875829437123,3.2764875834349994,3.2768013426564035,3.2773571974723126
10.0,4.0,10.0,9.523809523809524,1.749570281017957,1.7495702812379694,2.0167362282488677,2.0183674753551095,2.016535872548939,2.0153053367197327,2.0153053370472573,2.0165358722214144,2.018367475600753
10.0,4.0,10.0,9.09090909090909,1.0428426360031324,1.0428426362636785,1.366310507436439,1.370010824992418,1.3661593529570393,1.3627613444008002,1.3627613444826814,1.3661593524657523,1.3700108253199428
20.0,4.0,10.0,10.101010101010102,6208.137729164007,6208.137729164089,6208.139489625057,6208.139489626544,6208.139489625152,6208.139489623514,6208.139489623269,6208.139489625234,6208.139489626626
20.0,4.0,10.0,10.050251256281406,3088.6722237927356,3088.6722237925724,3088.675726790097,3088.675726790329,3088.6757267899197,3088.6757267900834,3088.6757267899197,3088.6757267901653,3088.6757267901653
20.0,4.0,10.0,10.020040080160319,1233.106486600799,1233.1064866004715,1233.1152081045711,1233.1152081072185,1233.1152081040252,1233.1152081024695,1233.1152081026332,1233.115208104189,1233.115208106891
20.0,4.0,10.0,10.01001001001001,620.9068855281643,620.9068855283281,620.9241709061056,620.9241709269988,620.9241709020251,620.9241708890061,620.9241708896611,620.9241709017795,620.9241709271627
20.0,4.0,10.0,10.005002501250624,327.8625099418022,327.862509941966,327.895207938162,327.89520808017124,327.89520790969465,327.8952078246201,327.8952078247839,327.8952079093672,327.895208080335
20.0,4.0,10.0,10.002000400080016,186.18900068968247,186.1890006894369,186.24652215545484,186.24652292912268,186.24652200083588,186.2465215364059,186.2465215364059,186.24652200108153,186.24652292887706
20.0,4.0,10.0,10.0,129.86828385347636,129.8682838529853,129.9506683442975,129.95067061894272,129.95066789008902,129.95066652381985,129.95066652381985,129.9506678906622,129.95067061845145
20.0,4.0,10.0,9.990009990009991,56.913698925175886,56.9136989252576,57.1003968363219,57.10042345010351,57.100391556487686,57.10037550245638,57.10037550253826,57.10039155616016,57.100423450185396
20.0,4.0,10.0,9.98003992015968,41.219790875727405,41.21979087638116,41.47567316155986,41.4757420793973,41.475659590179234,41.47561781522587,41.475617815143984,41.47565958936042,41.47574208005235
20.0,4.0,10.0,9.950248756218906,26.084426695596765,26.084426695844034,26.479838325990656,26.480097015800183,26.479788528907218,26.47962943330551,26.47962943305987,26.47978852882534,26.480097016045825
20.0,4.0,10.0,9.900990099009901,18.13865480687694,18.138654806800666,18.68655362349682,18.68726175768927,18.686422615565057,18.685976497481782,18.685976496908616,18.68642261572882,18.687261757607388
20.0,4.0,10.0,9.80392156862745,12.354579414610045,12.354579415076241,13.102199377689692,13.10410221140808,13.10187625317317,13.100619668569706,13.100619668569706,13.101876252518121,13.104102211899367
20.0,4.0,10.0,9.523809523809524,6.997367749586627,6.997367749734557,8.066116602221403,8.072643363264493,8.065315070819965,8.060391372334106,8.060391372989155,8.06531507049244,8.072643363428256
20.0,4.0,10.0,9.09090909090909,4.171145744043117,4.171145743975433,5.465045127029292,5.479847681682157,5.464440623786269,5.450847075496625,5.450847075906031,5.464440623704387,5.479847681600276
30.0,4.0,10.0,10.101010101010102,6208.36894857055,6208.368948571123,6208.377860560235,6208.377860560836,6208.377860560016,6208.377860559853,6208.377860559525,6208.377860559771,6208.377860561409
30.0,4.0,10.0,10.050251256281406,3089.605930900443,3089.6059309008524,3089.623659314743,3089.623659319246,3089.623659313924,3089.623659311058,3089.623659311058,3089.6236593135145,3089.6236593196554
30.0,4.0,10.0,10.020040080160319,1238.9005342007158,1238.9005342012072,1238.9444780102501,1238.9444780782114,1238.944477996658,1238.944477955881,1238.9444779560447,1238.944477996003,1238.9444780787028
30.0,4.0,10.0,10.01001001001001,642.1463819861744,642.1463819862562,642.2309785564253,642.2309790445735,642.2309784600238,642.2309781649241,642.2309781644328,642.230978459942,642.2309790446553
30.0,4.0,10.0,10.005002501250624,383.0755984825795,383.0755984830707,383.21720275599006,383.2172050344155,383.2172023008127,383.2172009327421,383.2172009327421,383.2172023003214,383.2172050349068
30.0,4.0,10.0,10.002000400080016,272.371186127113,272.3711861267856,272.5700926725218,272.57009899384354,272.5700914105829,272.57008761309805,272.5700876134256,272.57009141066476,272.570098993516
30.0,4.0,10.0,10.0,222.89245094406564,222.89245094390196,223.13525312389592,223.13526463150265,223.13525082846655,223.1352439116367,223.13524391180047,223.13525082863032,223.13526463133888
30.0,4.0,10.0,9.990009990009991,122.18871305513936,122.18871305497599,122.62869349139602,122.62876232278062,122.62867984731858,122.62863830400704,122.62863830425269,122.62867984740046,122.62876232261685
30.0,4.0,10.0,9.98003992015968,90.9447721996849,90.94477220001096,91.53163608285364,91.53180034512978,91.53160375343893,91.53150414999219,91.53150414974655,91.53160375335705,91.5318003454573
30.0,4.0,10.0,9.950248756218906,58.37130333300641,58.37130333292269,59.26557321253413,59.266164448557774,59.265459449731736,59.26509573931288,59.265095739149125,59.26545944997738,59.26616444847589
30.0,4.0,10.0,9.900990099009901,40.72986026334849,40.7298602635942,41.96486179797729,41.96646399135227,41.96456547460015,41.96355592810228,41.9635559280204,41.96456547419074,41.96646399159792
30.0,4.0,10.0,9.80392156862745,27.77684631095822,27.776846310974076,29.460018601485363,29.464308251873685,29.45929034517316,29.456457207532054,29.456457207286412,29.45929034517316,29.464308251873685
30.0,4.0,10.0,9.523809523809524,15.740654741276257,15.740654741551905,18.145658367989302,18.160350250471772,18.143854505144688,18.132770348638026,18.132770348392384,18.14385450448964,18.160350250799297
30.0,4.0,10.0,9.09090909090909,9.384234489129462,9.384234489019645,12.295612694182587,12.328923186499967,12.29425304812687,12.263661847757161,12.263661848084686,12.294253048208752,12.328923186418086
10.0,6.0,10.0,10.101010101010102,13968.185375815663,13968.18537581603,13968.185485845634,13968.185485845603,13968.185485845603,13968.185485845603,13968.185485845417,13968.185485845603,13968.18548584597
10.0,6.0,10.0,10.050251256281406,6949.00935279961,6949.009352800531,6949.009571753406,6949.009571753252,6949.009571753437,6949.009571753437,6949.009571753437,6949.009571752699,6949.0095717541735
10.0,6.0,10.0,10.020040080160319,2771.3328899739336,2771.3328899739336,2771.333435696106,2771.3334356960445,2771.333435696413,2771.3334356958603,2771.3334356958603,2771.333435696413,2771.3334356960445
10.0,6.0,10.0,10.01001001001001,1384.5964159382693,1384.5964159380849,1384.5975060391427,1384.597506038897,1384.5975060390813,1384.5975060394496,1384.5975060394496,1384.5975060392655,1384.5975060387127
10.0,6.0,10.0,10.005002501250624,693.2157722414681,693.2157722414681,693.2179473687152,693.2179473692064,693.2179473688379,693.217947368101,693.2179473684695,693.2179473684695,693.2179473692064
10.0,6.0,10.0,10.002000400080016,285.16346521816155,285.1634652179773,285.1687495065917,285.16874950717516,285.1687495055171,285.16874950699093,285.16874950699093,285.16874950588556,285.16874950699093
10.0,6.0,10.0,10.0,88.53374312820975,88.53374312765713,88.55075131393077,88.55075145284216,88.55075128574317,88.55075120247002,88.55075120357542,88.55075128666434,88.55075145228946
10.0,6.0,10.0,9.990009990009991,22.140833497189508,22.14083349755951,22.208350064463513,22.208358962070452,22.20834828615806,22.208342944148743,22.208342945806837,22.20834828615806,22.20835896243892
10.0,6.0,10.0,9.98003992015968,15.674451935928651,15.674451936291634,15.769108578529044,15.769133380201932,15.76910369166644,15.769088663258184,15.769088663995115,15.76910369148221,15.769133380570397
10.0,6.0,10.0,9.950248756218906,9.81785397672804,9.817853977099395,9.965615939056974,9.965711920879164,9.965597458804766,9.96553843803969,9.965538437486991,9.965597457883602,9.965711921247628
10.0,6.0,10.0,9.900990099009901,6.8111914048651,6.81119140446039,7.016404532790564,7.016669088143949,7.016355575610036,7.01618893388078,7.016188934065013,7.016355577268129,7.016669087775485
10.0,6.0,10.0,9.80392156862745,4.635302372209581,4.635302373110069,4.91554549963201,4.916258141655723,4.915424464505868,4.91495389347137,4.91495389273444,4.915424462847775,4.916258142576886
10.0,6.0,10.0,9.523809523809524,2.624393597127279,2.624393597497583,3.025138997001662,3.027585798041561,3.024838463595061,3.0229927291841308,3.0229927293683634,3.0248384634108283,3.0275857984100263
10.0,6.0,10.0,9.09090909090909,1.5642734533884768,1.5642734535358893,2.049474100536733,2.055024539502184,2.049247353004333,2.044150408458869,2.0441504086431017,2.0492473539254963,2.0550245396864164
20.0,6.0,10.0,10.101010101010102,13968.238739867025,13968.238739866472,13968.24050033905,13968.240500338956,13968.240500338956,13968.240500339141,13968.240500338588,13968.240500340245,13968.240500338403
20.0,6.0,10.0,10.050251256281406,6949.225007076397,6949.225007076765,6949.22851022285,6949.228510222912,6949.228510222728,6949.228510222912,6949.228510222543,6949.228510222728,6949.22851022328
20.0,6.0,10.0,10.020040080160319,2772.6875383440342,2772.6875383436654,2772.6962655794455,2772.696265580797,2772.6962655791385,2772.696265578402,2772.696265578402,2772.6962655795073,2772.696265580428
20.0,6.0,10.0,10.01001001001001,1389.9841027325247,1389.9841027330772,1390.0014763548006,1390.0014763644117,1390.001476352805,1390.001476347278,1390.0014763476465,1390.0014763516995,1390.0014763649642
20.0,6.0,10.0,10.005002501250624,713.5852086859426,713.5852086864953,713.6190145238817,713.6190145929075,713.6190145105555,713.6190144681821,713.6190144681821,713.6190145100029,713.6190145934603
20.0,6.0,10.0,10.002000400080016,361.56141392953805,361.5614139291696,361.6280768899092,361.62807742458307,361.6280767829008,361.628076462336,361.6280764614149,361.6280767840062,361.6280774242146
20.0,6.0,10.0,10.0,223.02637860559932,223.02637860486266,223.13434675783049,223.13434903107688,223.13434630314435,223.1343449392702,223.1343449392702,223.13434630388127,223.13434903033996
20.0,6.0,10.0,9.990009990009991,86.57974158187876,86.57974158261439,86.85592335376799,86.85596164028676,86.8559157573347,86.85589266322194,86.85589266377464,86.85591575696624,86.8559616410237
20.0,6.0,10.0,9.98003992015968,62.169848211184586,62.169848210816006,62.55161862072745,62.551720314927955,62.551598588376756,62.55153695850919,62.55153695924612,62.55159858874522,62.55172031455949
20.0,6.0,10.0,9.950248756218906,39.18424181129723,39.18424181112978,39.77653415100032,39.776920546576434,39.7764597619792,39.77622214444533,39.776222143524166,39.776459763084596,39.776920546392205
20.0,6.0,10.0,9.900990099009901,27.222667997141862,27.222667997142576,28.044118409270798,28.0451790346745,28.04392216928004,28.043254024042085,28.04325402367362,28.04392216928004,28.0451790346745
20.0,6.0,10.0,9.80392156862745,18.535602466521986,18.535602466814765,19.65684951717202,19.659702289794513,19.65636505333919,19.65448120838236,19.65448120838236,19.656365052970727,19.659702290162976
20.0,6.0,10.0,9.523809523809524,10.49666089441923,10.496660895826139,12.099727485889936,12.10951646832428,12.098525241048435,12.091140747191695,12.091140747928627,12.098525241969597,12.109516468876977
20.0,6.0,10.0,9.09090909090909,6.256868527095262,6.256868526950224,8.197698982698883,8.219901963891903,8.196792146771994,8.176402837801222,8.176402837248524,8.196792146771994,8.21990196370767
30.0,6.0,10.0,10.101010101010102,13968.469974232401,13968.469974231111,13968.47888646544,13968.478886465746,13968.478886465378,13968.478886465193,13968.478886464825,13968.478886467035,13968.478886464456
30.0,6.0,10.0,10.050251256281406,6950.159192793486,6950.1591927925665,6950.1769250218085,6950.176925023805,6950.176925021594,6950.176925020857,6950.1769250201205,6950.176925021594,6950.176925022884
30.0,6.0,10.0,10.020040080160319,2778.5270739731795,2778.5270739731795,2778.5711617093857,2778.571161739876,2778.571161703582,2778.5711616846065,2778.5711616844223,2778.571161703951,2778.571161739876
30.0,6.0,10.0,10.01001001001001,1412.421368394164,1412.4213683950852,1412.5079173292672,1412.5079175604483,1412.5079172833625,1412.5079171440825,1412.5079171440825,1412.507917282257,1412.5079175613696
30.0,6.0,10.0,10.005002501250624,783.3660945437931,783.3660945437931,783.5219477997325,783.5219491489909,783.5219475299546,783.5219467195152,783.5219467202521,783.5219475306915,783.5219491489909
30.0,6.0,10.0,10.002000400080016,500.66803803982174,500.6680380407426,500.9116164877934,500.91162164879415,500.91161545784087,500.9116123568373,500.9116123568373,500.9116154567355,500.9116216497153
30.0,6.0,10.0,10.0,382.82025749257895,382.82025749202654,383.1384888136333,383.13850032540904,383.13848651588387,383.13847959960674,383.13847959960674,383.13848651643656,383.13850032485635
30.0,6.0,10.0,9.990009990009991,188.32362271767485,188.3236227180424,188.96615303453518,188.9662482885157,188.96613414461103,188.96607667047888,188.96607667011043,188.96613414461103,188.96624828888415
30.0,6.0,10.0,9.98003992015968,138.00595549577216,138.00595549503853,138.87635068213703,138.8765888112542,138.8763037987711,138.87615943629368,138.87615943555676,138.87630380042918,138.87658881051726
30.0,6.0,10.0,9.950248756218906,87.84224205984752,87.84224205947682,89.17952590731102,89.18040451566716,89.17935680810272,89.17881639779469,89.17881639853162,89.17935680847118,89.1804045152987
30.0,6.0,10.0,9.900990099009901,61.16855346301937,61.168553462839185,63.01905189416298,63.02144718870334,63.018608804464954,63.01709968959698,63.017099690149685,63.01860880354379,63.02144718851911
30.0,6.0,10.0,9.80392156862745,41.684118355302616,41.68411835512579,44.20795257674746,44.21437960048857,44.206861298841744,44.20261683146477,44.20261683072784,44.20686129865751,44.21437960030433
30.0,6.0,10.0,9.523809523809524,23.614062213105903,23.614062214390255,27.221280840608895,27.243312683844636,27.21857541279091,27.20195442454632,27.201954425099014,27.218575412422442,27.24331268495003
30.0,6.0,10.0,9.09090909090909,14.077110808569248,14.077110808859095,18.444083971069055,18.494045443239425,18.442044061638793,18.396162408605296,18.3961624080526,18.442044061270327,18.49404544360789
10.0,8.0,10.0,10.101010101010102,24832.326789958188,24832.326789958188,24832.326899988035,24832.326899988144,24832.326899987816,24832.326899988144,24832.3268999888,24832.32689998716,24832.326899988144
10.0,8.0,10.0,10.050251256281406,12353.783222167878,12353.783222167878,12353.783441121772,12353.783441121663,12353.783441121663,12353.783441123302,12353.78344112068,12353.783441121663,12353.783441121663
10.0,8.0,10.0,10.020040080160319,4926.74371424857,4926.743714249552,4926.74425997836,4926.744259978687,4926.74425997836,4926.7442599780325,4926.7442599780325,4926.744259977378,4926.74425997967
10.0,8.0,10.0,10.01001001001001,2461.2231255444226,2461.223125546388,2461.2242157741653,2461.2242157697983,2461.2242157760215,2461.2242157766764,2461.224215775694,2461.224215775039,2461.2242157717637
10.0,8.0,10.0,10.005002501250624,1231.262432713306,1231.262432713961,1231.2646098270895,1231.2646098269804,1231.2646098269804,1231.2646098273078,1231.264609828618,1231.2646098250152,1231.2646098276355
10.0,8.0,10.0,10.002000400080016,500.5371339533492,500.53713395433175,500.54248609383063,500.54248609732423,500.5424860933939,500.5424860907737,500.54248609142877,500.5424860917563,500.54248609830677
10.0,8.0,10.0,10.0,129.92965019874404,129.92965019939902,129.95025474541586,129.95025487991933,129.9502547174671,129.95025463886117,129.9502546395162,129.95025471615696,129.95025488057436
10.0,8.0,10.0,9.990009990009991,29.579669564769386,29.579669564444146,29.66951533952708,29.669527216281395,29.669512985661832,29.669505816801767,29.669505816801767,29.669512985661832,29.66952721595387
10.0,8.0,10.0,9.98003992015968,20.91427150499681,20.91427150437395,21.040391902431455,21.040424836129183,21.040385398228132,21.040365475884784,21.04036547359211,21.04038539528041,21.040424835474134
10.0,8.0,10.0,9.950248756218906,13.092908291111721,13.092908290420834,13.28988954942181,13.290017462381876,13.289864917764938,13.28978626795486,13.289786267627335,13.289864919075036,13.290017461726826
10.0,8.0,10.0,9.900990099009901,9.082204098852795,9.082204098839439,9.355804961371632,9.356157651513186,9.355739693673861,9.355517538600324,9.355517539910423,9.355739693018812,9.356157651513186
10.0,8.0,10.0,9.80392156862745,6.1805592041627895,6.18055920322942,6.5542090716998835,6.555159206204451,6.554047696198921,6.553420312532516,6.553420313187566,6.554047696853971,6.555159205221877
10.0,8.0,10.0,9.523809523809524,3.499216678835166,3.4992166796745616,4.033541513683279,4.036803855351145,4.0331408135011415,4.030679871378737,4.030679873998935,4.0331408115359935,4.036803856333719
10.0,8.0,10.0,9.09090909090909,2.085703930206887,2.0857039299409514,2.7326373588181063,2.7400378812888704,2.7323350479214525,2.7255391474077584,2.7255391470802337,2.732335048248977,2.7400378809613457
20.0,8.0,10.0,10.101010101010102,24832.380154214134,24832.380154215443,24832.381914689264,24832.38191468921,24832.381914689537,24832.38191468921,24832.381914689864,24832.381914687245,24832.38191469052
20.0,8.0,10.0,10.050251256281406,12353.99888320308,12353.99888320439,12354.002386401755,12354.002386401318,12354.002386401973,12354.002386401973,12354.002386402628,12354.002386400009,12354.002386402628
20.0,8.0,10.0,10.020040080160319,4928.099024739145,4928.099024737179,4928.10775398615,4928.107753986859,4928.107753985876,4928.107753985876,4928.1077539862035,4928.107753987187,4928.107753984894
20.0,8.0,10.0,10.01001001001001,2466.6315939892525,2466.631593990235,2466.648999139788,2466.6489991447556,2466.648999138205,2466.64899913624,2466.6489991355847,2466.648999138205,2466.6489991457383
20.0,8.0,10.0,10.005002501250624,1252.2053747330017,1252.2053747330017,1252.239624336968,1252.2396243780177,1252.239624329544,1252.2396243033422,1252.239624303997,1252.239624328889,1252.2396243780177
20.0,8.0,10.0,10.002000400080016,591.946007103979,591.9460071056166,592.0184026714236,592.0184030562104,592.0184025944006,592.0184023634957,592.0184023634957,592.0184025930906,592.0184030578481
20.0,8.0,10.0,10.0,327.3238468545122,327.32384685451217,327.4546504432247,327.45465271886616,327.45464998829294,327.45464862251504,327.45464862284257,327.4546499879654,327.45465271886616
20.0,8.0,10.0,9.990009990009991,116.2889743438745,116.2889743451822,116.65455838888113,116.65460834267148,116.65454847607393,116.65451834707916,116.65451834740668,116.65454847607393,116.65460834398158
20.0,8.0,10.0,9.98003992015968,83.12454803136167,83.12454803135493,83.63218963878391,83.63232414716293,83.6321631442213,83.63208162431249,83.63208162562259,83.6321631442213,83.63232414716293
20.0,8.0,10.0,9.950248756218906,52.28426172232627,52.28426172167139,53.0734329221435,53.07394704259181,53.07333394194892,53.07301778172601,53.07301778172601,53.07333394293149,53.07394704193676
20.0,8.0,10.0,9.900990099009901,36.30670066787201,36.30670066783312,37.40170236215716,37.40311548859786,37.401440880486376,37.40055071656844,37.40055071820606,37.401440880486376,37.40311548859786
20.0,8.0,10.0,9.80392156862745,24.71662700175803,24.71662699988137,26.21150105571694,26.21530376806234,26.21085525621151,26.20834414287696,26.20834414353201,26.210855257521608,26.215303766097193
20.0,8.0,10.0,9.523809523809524,13.9959533505531,13.995953349354632,16.133337653616824,16.146388818562514,16.131734730230285,16.121889411566386,16.12188941320401,16.131734730885334,16.146388817252415
20.0,8.0,10.0,9.09090909090909,8.342591441735268,8.342591441372523,10.930352971616434,10.959956393160226,10.929143792170066,10.901958729355243,10.901958730010293,10.929143792170066,10.959956392832702
30.0,8.0,10.0,10.101010101010102,24832.611393823925,24832.611393822943,24832.620306142762,24832.62030614243,24832.62030614276,24832.620306143086,24832.62030614243,24832.620306144396,24832.62030614145
30.0,8.0,10.0,10.050251256281406,12354.933236594241,12354.933236592602,12354.950970156306,12354.95097015909,12354.950970154177,12354.950970157124,12354.950970154177,12354.950970155815,12354.950970157452
30.0,8.0,10.0,10.020040080160319,4933.954736245307,4933.954736245962,4933.998875024067,4933.998875041318,4933.998875020028,4933.998875010858,4933.998875010203,4933.998875020028,4933.9988750419725
30.0,8.0,10.0,10.01001001001001,2489.537677898641,2489.5376778989685,2489.6249762148145,2489.624976347681,2489.6249761878485,2489.6249761089152,2489.6249761089152,2489.624976187521,2489.624976348008
30.0,8.0,10.0,10.005002501250624,1330.2306995228835,1330.230699522556,1330.3938891346875,1330.3938900050844,1330.3938889612632,1330.3938884378788,1330.3938884378788,1330.3938889612632,1330.3938900047567
30.0,8.0,10.0,10.002000400080016,782.0816747918427,782.0816747902054,782.3589558561662,782.3589601353852,782.3589550014359,782.3589524316774,782.3589524323324,782.3589550024185,782.3589601337476
30.0,8.0,10.0,10.0,561.8785246369418,561.8785246366145,562.2640824429265,562.2640939560192,562.2640801443038,562.2640732286202,562.2640732279651,562.2640801449588,562.2640939556917
30.0,8.0,10.0,9.990009990009991,254.81286336212835,254.8128633614754,255.6572342165555,255.65735580102924,255.6572100990578,255.65713674990704,255.6571367495795,255.6572100993853,255.6573558003742
30.0,8.0,10.0,9.98003992015968,185.11332360837824,185.11332360837685,186.2670781585247,186.26739011327618,186.26701672859727,186.2668276332093,186.26682763353682,186.26701672925233,186.26739011327618
30.0,8.0,10.0,9.950248756218906,117.31543291627673,117.31543291530345,119.0957107153712,119.09687665724817,119.095486283892,119.09476920530093,119.09476920399084,119.09548628552962,119.09687665626561
30.0,8.0,10.0,9.900990099009901,81.60745535801938,81.60745535706664,84.07344705839854,84.0766354720158,84.07285720174507,84.07084850143477,84.07084850077972,84.07285720338268,84.07663547103323
30.0,8.0,10.0,9.80392156862745,55.59140963209968,55.59140963237018,58.95590517533547,58.964469553569394,58.954450867252355,58.94879510665852,58.9487951037108,58.95445086692483,58.96446955389692
30.0,8.0,10.0,9.523809523809524,31.487469452719427,31.487469452417322,36.29690303860587,36.32627476406402,36.29329609207055,36.27113825984679,36.27113826050184,36.2932960914155,36.32627476373649
30.0,8.0,10.0,9.09090909090909,18.769987185881863,18.769987185324783,24.592555285163694,24.659167735597194,24.58983511359392,24.528663006955007,24.52866300564491,24.58983511424897,24.659167734942145
10.0,2.0,30.0,30.303030303030305,1552.052219359407,1552.052219359407,1552.0532096075278,1552.0532096075644,1552.0532096075099,1552.0532096075099,1552.0532096075099,1552.0532096075099,1552.0532096075644
10.0,2.0,30.0,30.15075376884422,772.2399103106293,772.2399103106293,772.2418805582961,772.2418805584872,772.2418805582688,772.2418805580777,772.2418805581324,772.2418805583234,772.2418805584872
10.0,2.0,30.0,30.06012024048096,308.7252304406826,308.7252304407372,308.7301290777892,308.7301290813555,308.73012907709773,308.7301290749142,308.73012907496883,308.73012907698853,308.73012908141015
10.0,2.0,30.0,30.030030030030034,156.9357076037825,156.9357076038371,156.945324152508,156.94532417798214,156.94532414741317,156.9453241321287,156.9453241320741,156.94532414741317,156.94532417803674
10.0,2.0,30.0,30.01500750375187,87.04067720110086,87.04067720112816,87.05799422952937,87.05799437998603,87.05799419941076,87.05799410909583,87.05799410915041,87.05799419951992,87.05799438001333
10.0,2.0,30.0,30.006001200240046,55.62978206616141,55.62978206618872,55.65684633729901,55.65684691204112,55.65684622219227,55.65684587766361,55.656845877417965,55.65684622241062,55.65684691206841
10.0,2.0,30.0,30.0,42.535583777987696,42.5355837779604,42.57094281521764,42.57094409197251,42.57094256205016,42.570941791630254,42.570941791630254,42.57094256207746,42.570944091945215
10.0,2.0,30.0,29.970029970029973,20.924847921601184,20.924847921546736,20.996240183507343,20.996250767066876,20.996238084656447,20.996231698798702,20.99623169874412,20.996238084765622,20.99625076701229
10.0,2.0,30.0,29.94011976047904,15.33399255119555,15.333992551249288,15.430703114058739,15.430729571884019,15.430697907480875,15.430681862729436,15.430681863111548,15.430697907207938,15.430729571938606
10.0,2.0,30.0,29.85074626865672,9.760247772872562,9.76024777284555,9.908834862396693,9.908932479347152,9.908816079125025,9.908756028704255,9.908756028704255,9.908816079179612,9.908932479319859
10.0,2.0,30.0,29.7029702970297,6.796504715580195,6.7965047156068525,7.002115635286437,7.002381770177601,7.002066413400012,7.001898722295348,7.001898722295348,7.002066413345425,7.002381770204895
10.0,2.0,30.0,29.41176470588235,4.631567785783476,4.631567785757834,4.911993788672757,4.912707887539867,4.9118725515253026,4.911400926939455,4.91140092704863,4.911872551470715,4.912707887512573
10.0,2.0,30.0,28.57142857142857,2.6237848680083893,2.623784867960317,3.0245869607913782,3.027034946779157,3.024286350243619,3.0224395853923003,3.0224395853650066,3.024286350243619,3.0270349467245694
10.0,2.0,30.0,27.272727272727273,1.564123746121477,1.5641237460546553,2.0493429842386535,2.0548942926968206,2.0491162993760526,2.044018360656734,2.0440183606294404,2.0491162994579337,2.0548942926149394
20.0,2.0,30.0,30.303030303030305,1552.5321481688861,1552.5321481688588,1552.5479869605115,1552.5479869675623,1552.5479869591286,1552.547986954789,1552.5479869549526,1552.5479869591013,1552.547986967535
20.0,2.0,30.0,30.15075376884422,774.1697339783215,774.1697339783215,774.2011771407427,774.2011771963854,774.2011771295977,774.2011770962448,774.201177096354,774.2011771294885,774.2011771963854
20.0,2.0,30.0,30.06012024048096,319.9644707841776,319.96447078417754,320.0400649652738,320.0400657425581,320.0400648100135,320.0400643432363,320.04006434318165,320.0400648100954,320.0400657425581
20.0,2.0,30.0,30.030030030030034,188.48062884259372,188.48062884270283,188.6085957185239,188.60859949794937,188.60859496481683,188.60859269280544,188.60859269275088,188.60859496476223,188.60859949805854
20.0,2.0,30.0,30.01500750375187,139.79555647931124,139.7955564792567,139.96774019609902,139.96774942280118,139.9677383562883,139.96773280919396,139.96773280927584,139.9677383562883,139.96774942274658
20.0,2.0,30.0,30.006001200240046,118.37646749988812,118.37646749994263,118.57950257526723,118.57951772170946,118.57949955874678,118.57949044529084,118.57949044534543,118.57949955874678,118.57951772176405
20.0,2.0,30.0,30.0,107.04869734707779,107.04869734707779,107.2729700089209,107.27299044151131,107.27296594315698,107.27295364209445,107.27295364209445,107.27296594315698,107.27299044151131
20.0,2.0,30.0,29.970029970029973,73.29079694944461,73.290796949363,73.61630316931388,73.61636594817894,73.6162907514888,73.61625280827388,73.61625280827388,73.61629075157067,73.61636594809707
20.0,2.0,30.0,29.94011976047904,57.597182660869684,57.59718266084254,58.008504356274635,58.008631714685386,58.008479334758775,58.00840201939339,58.0084020193388,58.00847933481336,58.008631714658094
20.0,2.0,30.0,29.85074626865672,38.30842368622855,38.308423686175054,38.91350783008116,38.91392017702706,38.91342856931474,38.91317474388803,38.91317474396991,38.91342856931474,38.91392017697247
20.0,2.0,30.0,29.7029702970297,26.992041129106305,26.99204112913301,27.819781440810218,27.82086728563657,27.819580785475253,27.81889625129154,27.818896251236957,27.819580785557136,27.820867285663866
20.0,2.0,30.0,29.41176470588235,18.476261608023883,18.476261608075642,19.600422141578672,19.60329843924314,19.599934161061103,19.598033824445416,19.59803382447271,19.59993416095193,19.60329843929773
20.0,2.0,30.0,28.57142857142857,10.486935556017954,10.486935555939423,12.090907916778933,12.100715815762468,12.089704525444134,12.082303409143842,12.082303409116548,12.089704525498721,12.100715815707881
20.0,2.0,30.0,27.272727272727273,6.254470077155268,6.2544700771312165,8.195597975502412,8.217814415687332,8.19469255230544,8.17428695850082,8.174286958473527,8.194692552387322,8.217814415660039
30.0,2.0,30.0,30.303030303030305,1554.6047050181544,1554.6047050181,1554.6847758750512,1554.684776054753,1554.684775839078,1554.6847757313496,1554.6847757314042,1554.6847758390234,1554.6847760546984
30.0,2.0,30.0,30.15075376884422,782.314338695044,782.314338695044,782.471815612544,782.471816992824,782.4718153365044,782.4718145083036,782.4718145083036,782.4718153365044,782.471816992824
30.0,2.0,30.0,30.06012024048096,356.84878326070174,356.84878326070174,357.1914633284643,357.1914776470879,357.1914604717486,357.19145186655635,357.1914518666655,357.1914604716394,357.1914776470879
30.0,2.0,30.0,30.030030030030034,251.80141844785865,251.8014184478586,252.28522642257744,252.2852668494847,252.28521837553274,252.28519404271483,252.2851940427694,252.28521837547814,252.2852668494847
30.0,2.0,30.0,30.01500750375187,213.22419561884587,213.22419561890035,213.794171961986,213.79423819406654,213.79415880304083,213.79411888883703,213.79411888883703,213.79415880301354,213.79423819412114
30.0,2.0,30.0,30.006001200240046,194.4457529708413,194.44575297070506,195.06978121662476,195.06986824641749,195.0697639484777,195.06971145500646,195.06971145506103,195.069763948505,195.069868246281
30.0,2.0,30.0,30.0,183.53685557664267,183.5368555765336,184.19723577771046,184.19733901279625,184.19721531374137,184.1971530065937,184.1971530065937,184.19721531385053,184.19733901268708
30.0,2.0,30.0,29.970029970029973,143.74504185399405,143.74504185399408,144.58309162420747,144.5833036285044,144.5830498343563,144.58292140977542,144.58292140966626,144.58304983443819,144.5833036285044
30.0,2.0,30.0,29.94011976047904,119.58420697230491,119.58420697219638,120.58488759241078,120.58525040170917,120.58481653214801,120.58459584337515,120.58459584337515,120.5848165322572,120.5852504016
30.0,2.0,30.0,29.85074626865672,83.74189430943773,83.74189430949167,85.14087636802869,85.141884135085,85.14068315126126,85.1400618177398,85.14006181763062,85.14068315131584,85.14188413513958
30.0,2.0,30.0,29.7029702970297,60.035572838399226,60.03557283845283,61.9173092350622,61.91983125478644,61.91684407587711,61.915252374495765,61.915252374495765,61.91684407587711,61.91983125484103
30.0,2.0,30.0,29.41176470588235,41.386961474025725,41.38696147403488,43.925437120156396,43.93198273672218,43.924328272935554,43.92000035086602,43.92000035089331,43.92432827279909,43.93198273672218
30.0,2.0,30.0,28.57142857142857,23.56496846113369,23.564968461227764,27.17676280349741,27.198890495626955,27.174051429167605,27.157346485670388,27.15734648569768,27.174051429113018,27.198890495708838
30.0,2.0,30.0,27.272727272727273,14.06498247070299,14.064982470637233,18.433460078558028,18.483489833564867,18.431427184659654,18.385463217463204,18.38546321738132,18.43142718476883,18.483489833510276
10.0,4.0,30.0,30.303030303030305,6208.112826413444,6208.112826413227,6208.11381667667,6208.113816676724,6208.113816676397,6208.113816676942,6208.113816676506,6208.113816676942,6208.113816676506
10.0,4.0,30.0,30.15075376884422,3088.571601846304,3088.5716018459766,3088.5735723483353,3088.5735723484445,3088.573572348226,3088.5735723483353,3088.5735723483353,3088.5735723485536,3088.573572348117
10.0,4.0,30.0,30.06012024048096,1232.475942446715,1232.475942446715,1232.4808508306157,1232.4808508315255,1232.480850830543,1232.4808508297788,1232.4808508297788,1232.480850830543,1232.4808508315255
10.0,4.0,30.0,30.030030030030034,618.4424622888971,618.442462288788,618.4522242747495,618.4522242837746,618.4522242736214,618.4522242668526,618.4522242668526,618.4522242737305,618.4522242836655
10.0,4.0,30.0,30.01500750375187,319.54085174522936,319.54085174533856,319.55972478020766,319.55972482908163,319.55972477067303,319.55972474108665,319.55972474108665,319.55972477012716,319.5597248291908
10.0,4.0,30.0,30.006001200240046,167.1157314877924,167.1157314875741,167.15178636930708,167.15178670827694,167.15178630127295,167.151786098426,167.15178609820765,167.15178630160045,167.15178670805858
10.0,4.0,30.0,30.0,107.21568926583754,107.21568926605578,107.27183306838945,107.27183434229666,107.27183281799682,107.27183204482024,107.27183204482024,107.27183281788766,107.271834342515
10.0,4.0,30.0,29.970029970029973,43.134790169442795,43.13479016955175,43.27337158997397,43.273390932544054,43.27336775777152,43.273356079879264,43.27335607933339,43.27336775766234,43.27339093265323
10.0,4.0,30.0,29.94011976047904,31.041983633165497,31.04198363327373,31.233127045054037,31.233178120616394,31.233116974598296,31.233086039783657,31.233086040438707,31.233116974161597,31.23317812072557
10.0,4.0,30.0,29.85074626865672,19.58489877854543,19.58489877832937,19.881148249187582,19.88134164100785,19.88111102815548,19.88099207839941,19.88099207861776,19.88111102815548,19.8813416407895
10.0,4.0,30.0,29.7029702970297,13.60949805208566,13.609498052189679,14.020273068748756,14.020803578986651,14.020174902798708,14.019840724351731,14.019840724351731,14.020174902907883,14.020803579095826
10.0,4.0,30.0,29.41176470588235,9.267332187063726,9.267332186688689,9.827978461723164,9.829405072773199,9.827736242306138,9.826794070199334,9.826794070308509,9.827736242415313,9.829405072336499
10.0,4.0,30.0,28.57142857142857,5.248253571587862,5.248253571685998,6.049793991923422,6.054688586139143,6.049192896351734,6.0455004932248,6.045500493333975,6.049192896242559,6.054688586248318
10.0,4.0,30.0,27.272727272727273,3.128414886189767,3.128414886545527,4.098832503644232,4.109934030312807,4.098379151960181,4.0881843286597075,4.088184328441358,4.098379151741831,4.109934030749507
20.0,4.0,30.0,30.303030303030305,6208.59301919269,6208.593019192908,6208.608862126285,6208.608862127977,6208.608862125902,6208.60886212492,6208.608862125138,6208.608862125575,6208.608862128195
20.0,4.0,30.0,30.15075376884422,3090.5098088937903,3090.509808893572,3090.541316596909,3090.5413166109556,3090.5413165940336,3090.5413165857362,3090.541316585518,3090.54131659447,3090.5413166107373
20.0,4.0,30.0,30.06012024048096,1244.4146760694903,1244.4146760697085,1244.492448334319,1244.492448546446,1244.49244829185,1244.4924481646613,1244.4924481648798,1244.4924482914134,1244.4924485466643
20.0,4.0,30.0,30.030030030030034,660.4621238324326,660.4621238325417,660.608322795367,660.6083242035594,660.6083225140779,660.6083216687367,660.6083216685183,660.6083225136413,660.6083242036685
20.0,4.0,30.0,30.01500750375187,419.50034487872955,419.50034487862035,419.73015161162607,419.7301570903314,419.7301505176754,419.73014722692585,419.73014722692585,419.7301505176754,419.7301570902222
20.0,4.0,30.0,30.006001200240046,317.8644276491456,317.8644276490366,318.1673050623097,318.16731762087943,318.1673025564912,318.16729500955853,318.16729500977686,318.1673025563821,318.1673176207703
20.0,4.0,30.0,30.0,269.9532809351574,269.9532809349392,270.3095283668731,270.3095488198064,270.30952428940924,270.3095119912944,270.3095119915128,270.3095242896276,270.30954881958803
20.0,4.0,30.0,29.970029970029973,158.9538459074589,158.9538459075678,159.55491749050654,159.55501622780517,159.55489792873146,159.55483831498296,159.5548383152013,159.55489792840393,159.55501622791434
20.0,4.0,30.0,29.94011976047904,119.92259516274305,119.92259516263425,120.7135967761114,120.71382307919396,120.71355225449975,120.71341499469511,120.71341499480428,120.71355225439056,120.71382307908479
20.0,4.0,30.0,29.85074626865672,77.57872319269211,77.57872319269534,78.77471120028592,78.77550684125616,78.7745581402725,78.77406861971117,78.77406861927447,78.77455813994499,78.77550684125616
20.0,4.0,30.0,29.7029702970297,54.24127570402261,54.241275704022655,55.88971920818636,55.89186252510437,55.88932291133691,55.88797218822695,55.88797218811777,55.88932291122774,55.89186252510437
20.0,4.0,30.0,29.41176470588235,37.019073164999575,37.019073164554754,39.26412332235305,39.26984944723792,39.26315134395427,39.259369176030745,39.259369175812395,39.263151344281795,39.26984944680122
20.0,4.0,30.0,28.57142857142857,20.984804949284026,20.984804949386266,24.191731322936608,24.21132594389519,24.189325768511836,24.174542256511984,24.174542256293634,24.18932576840266,24.211325944004365
20.0,4.0,30.0,27.272727272727273,12.511636855872993,12.511636855868446,16.39355809600984,16.437975751349718,16.391745728654996,16.35095280791564,16.35095280857069,16.391745728218297,16.437975751349718
30.0,4.0,30.0,30.303030303030305,6210.672060961394,6210.672060961612,6210.752237424796,6210.752237470031,6210.7522374156615,6210.752237388695,6210.752237388914,6210.752237415225,6210.752237470249
30.0,4.0,30.0,30.15075376884422,3098.8518688824524,3098.8518688820163,3099.0109351143415,3099.0109354709243,3099.0109350426314,3099.010934829522,3099.010934829522,3099.010935042959,3099.0109354704878
30.0,4.0,30.0,30.06012024048096,1291.5499609074898,1291.5499609074898,1291.9291517321706,1291.9291565852857,1291.9291507597134,1291.9291478515127,1291.929147851731,1291.929150759495,1291.9291565852857
30.0,4.0,30.0,30.030030030030034,779.4113240639026,779.41132406423,780.0378257052286,780.0378476230342,780.0378213314276,780.0378081612238,780.0378081612238,780.0378213311001,780.0378476233617
30.0,4.0,30.0,30.01500750375187,591.7800395411364,591.7800395413547,592.603460337466,592.6035101790792,592.6034504036427,592.6034204296762,592.6034204297854,592.6034504033152,592.6035101792976
30.0,4.0,30.0,30.006001200240046,508.0881239708333,508.08812397094164,509.04572872095673,509.04580721273607,509.0457130953549,509.04566585472435,509.0456658543969,509.04571309568246,509.04580721284526
30.0,4.0,30.0,30.0,463.0942402108673,463.09424021086716,464.1437245988803,464.1438280122669,464.14370403173183,464.14364175258754,464.14364175258754,464.143704031841,464.1438280122669
30.0,4.0,30.0,29.970029970029973,324.2288917145751,324.2288917146839,325.71845740266536,325.71875455331985,325.7183986471043,325.71821900757203,325.7182190073537,325.7183986472135,325.718754553429
30.0,4.0,30.0,29.94011976047904,256.81864095727497,256.81864095749285,258.68621194168026,258.6868007346792,258.6860963011607,258.68573878941925,258.6857387889826,258.6860963009424,258.68680073489753
30.0,4.0,30.0,29.85074626865672,171.86639010368782,171.86639010358076,174.59706642122458,174.59893812056575,174.5967067956207,174.59555434754193,174.5955543468869,174.59670679627575,174.59893812045658
30.0,4.0,30.0,29.7029702970297,121.32148000290344,121.32148000249221,125.05023513700077,125.05513724137546,125.04932948607862,125.04623868322071,125.04623868376657,125.0493294866245,125.05513724093876
30.0,4.0,30.0,29.41176470588235,83.10592326471831,83.10592326451038,88.16647934896594,88.17943748824298,88.1642812777284,88.15571928098097,88.15571928065346,88.1642812781651,88.17943748802463
30.0,4.0,30.0,28.57142857142857,47.18506602401661,47.18506602381974,54.40351387732161,54.44766127360236,54.39809799070421,54.36478236765822,54.36478236754905,54.39809799103173,54.44766127338401
30.0,4.0,30.0,27.272727272727273,28.143598529423176,28.14359852924494,36.87886226460646,36.978844731600624,36.874788768361846,36.78295329396608,36.782953293638556,36.87478876868937,36.978844731382274
10.0,6.0,30.0,30.303030303030305,13968.213836754798,13968.213836754798,13968.214827022422,13968.21482702226,13968.21482702226,13968.214827022752,13968.21482702226,13968.214827022752,13968.21482702226
10.0,6.0,30.0,30.15075376884422,6949.124371822814,6949.124371823306,6949.126342371744,6949.126342371744,6949.12634237199,6949.126342371498,6949.126342371007,6949.12634237199,6949.126342372236
10.0,6.0,30.0,30.06012024048096,2772.055701414148,2772.0557014139026,2772.0606116157865,2772.06061161595,2772.06061161595,2772.0606116154586,2772.0606116154586,2772.0606116161957,2772.0606116157046
10.0,6.0,30.0,30.030030030030034,1387.4802716363338,1387.4802716363338,1387.490062030818,1387.4900620367955,1387.4900620279525,1387.4900620277067,1387.4900620272156,1387.4900620284436,1387.4900620367955
10.0,6.0,30.0,30.01500750375187,704.3655234038449,704.3655234048275,704.3847887948436,704.3847888310352,704.3847887927147,704.3847887607811,704.3847887607811,704.3847887917321,704.3847888320178
10.0,6.0,30.0,30.006001200240046,332.96962894686726,332.9696289473585,333.01035145447844,333.0103516694984,333.01035141009885,333.0103512838381,333.0103512838381,333.01035140960755,333.0103516699897
10.0,6.0,30.0,30.0,184.11966615524958,184.1196661532849,184.19324318794824,184.19324446930662,184.1932429374737,184.1932421570643,184.19324215632736,184.1932429401758,184.19324446734146
10.0,6.0,30.0,29.970029970029973,65.4125284168124,65.41252841705735,65.6181694330024,65.61819751333032,65.6181638699958,65.6181469154354,65.6181469154354,65.61816387024143,65.61819751357595
10.0,6.0,30.0,29.94011976047904,46.75756801731644,46.75756801805016,47.04311641585924,47.04319209366949,47.04310149543177,47.04305565835364,47.043055658599286,47.043101494694845,47.043192094406415
10.0,6.0,30.0,29.85074626865672,29.409891576207666,29.409891576462805,29.853800415751355,29.85408955723568,29.853744765624583,29.853566925376374,29.853566924148154,29.85374476464201,29.854089557481327
10.0,6.0,30.0,29.7029702970297,20.42251470633121,20.422514706341364,21.038453146557398,21.039247987325737,21.03830610415028,21.037805348319,21.037805347336427,21.038306104887212,21.039247987325737
10.0,6.0,30.0,29.41176470588235,13.903106452182117,13.903106452525805,14.74397301236277,14.746112229577113,14.743609683551107,14.742197124574199,14.742197123591625,14.743609682814176,14.7461122300684
10.0,6.0,30.0,28.57142857142857,7.872722151568267,7.8727221516040915,9.075000722578869,9.082342097300513,9.074099157322326,9.068560913236592,9.068560914219166,9.074099156339752,9.08234209705487
10.0,6.0,30.0,27.272727272727273,4.6927087179529385,4.6927087173547966,6.148324481995889,6.164976525823018,6.147644228600608,6.13235269168686,6.13235269168686,6.147644229091895,6.164976525086088
20.0,6.0,30.0,30.303030303030305,13968.694078413448,13968.694078413448,13968.709922114858,13968.709922115637,13968.7099221149,13968.709922114163,13968.709922114409,13968.709922114409,13968.709922115637
20.0,6.0,30.0,30.15075376884422,6951.06414451394,6951.064144513694,6951.095664256648,6951.095664262747,6951.095664255378,6951.095664251693,6951.095664251693,6951.095664255869,6951.0956642625015
20.0,6.0,30.0,30.06012024048096,2784.140229021834,2784.1402290215883,2784.2184474295586,2784.218447525196,2784.218447410726,2784.2184473532457,2784.2184473527545,2784.2184474104806,2784.2184475249505
20.0,6.0,30.0,30.030030030030034,1432.9151076783144,1432.9151076775775,1433.066759336208,1433.0667600366198,1433.0667591955364,1433.0667587764685,1433.06675877696,1433.066759195782,1433.066760035883
20.0,6.0,30.0,30.01500750375187,835.0319875424047,835.0319875419136,835.2918626687232,835.2918661907596,835.2918619647088,835.2918598507008,835.2918598516834,835.2918619642174,835.2918661902684
20.0,6.0,30.0,30.006001200240046,576.6881860460766,576.6881860450945,577.0640168089725,577.0640274719067,577.0640146792842,577.0640082763406,577.0640082758493,577.0640146795299,577.0640274709241
20.0,6.0,30.0,30.0,463.67283210319226,463.6728321034376,464.13977351392276,464.13979397737774,464.13976942973096,464.1397571345366,464.1397571345366,464.13976942973096,464.1397939776234
20.0,6.0,30.0,29.970029970029973,246.5225896765889,246.52258967634387,247.39499313688938,247.3951272703618,247.39496654655306,247.39488559375323,247.39488559326196,247.39496654728998,247.39512727011615
20.0,6.0,30.0,29.94011976047904,182.5825449461729,182.5825449451931,183.75192153812478,183.75224639306336,183.75185760694606,183.75166061461064,183.75166061362808,183.75185760841993,183.7522463920808
20.0,6.0,30.0,29.85074626865672,116.8687435098947,116.86874350942013,118.65545761464675,118.65663643723671,118.65523076561242,118.65450564072268,118.65450564096832,118.65523076659498,118.65663643674543
20.0,6.0,30.0,29.7029702970297,81.492434979134,81.4924349791354,83.96154848905466,83.96474924825051,83.960956530457,83.95893968821083,83.95893968796518,83.96095653119393,83.96474924825051
20.0,6.0,30.0,29.41176470588235,55.56206896279595,55.56206896253539,58.9280029275796,58.93657903208389,58.92654682063544,58.92088292965098,58.920882931370485,58.926546819898505,58.93657903183825
20.0,6.0,30.0,28.57142857142857,31.48267604796493,31.482676047745557,36.292555930400205,36.32193691019084,36.288948466171206,36.26678241471575,36.26678241471575,36.28894846666249,36.3219369099452
20.0,6.0,30.0,27.272727272727273,18.768805064673778,18.768805064471994,24.591519807377395,24.658138753293883,24.588800430641776,24.52762023807371,24.527620237582425,24.58880043162435,24.65813875304824
30.0,6.0,30.0,30.303030303030305,13970.774327737723,13970.774327737969,13970.85452384733,13970.854523867883,13970.854523842827,13970.854523831282,13970.85452383079,13970.854523843072,13970.854523868129
30.0,6.0,30.0,30.15075376884422,6959.4443617130055,6959.444361713496,6959.603732839057,6959.603732997497,6959.6037328076145,6959.603732711814,6959.603732711814,6959.6037328076145,6959.603732997988
30.0,6.0,30.0,30.06012024048096,2834.229318907227,2834.2293189064903,2834.6182228499097,2834.6182251726327,2834.6182223862984,2834.618220991289,2834.6182209903063,2834.618222387035,2834.6182251718956
30.0,6.0,30.0,30.030030030030034,1585.3643362422413,1585.3643362419957,1586.0578209842286,1586.0578341946905,1586.0578183425782,1586.0578104154167,1586.0578104159079,1586.0578183423327,1586.057834194445
30.0,6.0,30.0,30.01500750375187,1105.1221663280912,1105.1221663285824,1106.1151689285534,1106.115207758896,1106.1151611767812,1106.115137850474,1106.1151378499826,1106.1151611757987,1106.1152077593874
30.0,6.0,30.0,30.006001200240046,899.5891958969353,899.5891958969354,900.8073150175129,900.8073867745662,900.8073007136097,900.8072575646084,900.8072575641172,900.8073007136097,900.8073867745662
30.0,6.0,30.0,30.0,795.5891500780878,795.5891500793145,796.9649966934685,796.9651001796793,796.9649760837736,796.9649138168297,796.964913817321,796.9649760822998,796.9651001809076
30.0,6.0,30.0,29.970029970029973,513.6540436985497,513.6540437000197,515.771434872508,515.7718139800666,515.7713598178955,515.7711308191938,515.7711308189482,515.7713598174041,515.7718139815404
30.0,6.0,30.0,29.94011976047904,396.3794961989275,396.379496198683,399.1040349815134,399.1048470841831,399.1038753236337,399.10338253721466,399.1033825362321,399.1038753238794,399.10484708393744
30.0,6.0,30.0,29.85074626865672,260.18082784720144,260.18082784475956,264.2414354263763,264.244169750683,264.2409097248329,264.23922680643784,264.2392268027532,264.2409097253242,264.2441697482265
30.0,6.0,30.0,29.7029702970297,182.62787220816003,182.62787220721566,188.2032857603615,188.21056723900838,188.20193992786363,188.19735011482663,188.19735011482663,188.20193992761799,188.21056723802582
30.0,6.0,30.0,29.41176470588235,124.8268313161295,124.82683131589422,132.40940241332643,132.42877250168254,132.40611551989042,132.39331921914322,132.3933192184063,132.40611551939912,132.42877250143692
30.0,6.0,30.0,28.57142857142857,70.8052490316887,70.80524903221762,81.63034469856836,81.69651175091336,81.62222421396567,81.57229813094891,81.57229813070327,81.62222421347438,81.69651175140464
30.0,6.0,30.0,27.272727272727273,42.22222393985624,42.222223939654974,55.32427304410172,55.474208422254605,55.31815877979248,55.18045193013526,55.18045192964397,55.31815878077506,55.474208422008964
10.0,8.0,30.0,30.303030303030305,24832.35525096203,24832.35525096334,24832.356241230354,24832.3562412305,24832.356241230063,24832.356241229623,24832.356241231373,24832.35624122875,24832.35624123181
10.0,8.0,30.0,30.15075376884422,12353.89824326688,12353.89824326688,12353.90021382323,12353.900213831817,12353.900213821773,12353.900213816096,12353.900213816096,12353.900213821773,12353.900213831817
10.0,8.0,30.0,30.06012024048096,4927.466733659316,4927.466733658006,4927.471644498957,4927.471644498593,4927.471644498157,4927.471644499904,4927.471644499904,4927.471644499904,4927.471644497284
10.0,8.0,30.0,30.030030030030034,2464.113565580943,2464.1135655800704,2464.123366032101,2464.123366039088,2464.123366032101,2464.1233660255502,2464.1233660255502,2464.123366032101,2464.123366038215
10.0,8.0,30.0,30.01500750375187,1242.6053493311886,1242.6053493298784,1242.624763991801,1242.6247640062847,1242.6247639892536,1242.6247639800827,1242.6247639809562,1242.6247639892536,1242.6247640049746
10.0,8.0,30.0,30.006001200240046,555.7170790952201,555.7170790943469,555.7604599689411,555.760460123096,555.7604599344418,555.7604598492854,555.7604598510322,555.7604599335684,555.7604601222226
10.0,8.0,30.0,30.0,270.2185954965172,270.2185954965172,270.30773302949115,270.30773432022954,270.3077327655791,270.3077320026649,270.3077320026649,270.3077327655791,270.30773432022954
10.0,8.0,30.0,29.970029970029973,87.70985935065224,87.70985934803862,87.9825234222838,87.9825602063616,87.98251613202126,87.98249392846856,87.98249393021536,87.98251613289466,87.9825602037414
10.0,8.0,30.0,29.94011976047904,62.475174478275065,62.47517448131358,62.855120537019616,62.8552209242784,62.855100759842486,62.85503992628293,62.85503992453613,62.855100759842486,62.855220927335296
10.0,8.0,30.0,29.85074626865672,39.23497164479385,39.23497164437753,39.82653905068505,39.8269238702693,39.8264649667145,39.82622831703651,39.82622831572641,39.826464964531,39.8269238698326
10.0,8.0,30.0,29.7029702970297,27.23555314873137,27.23555314656501,28.05665496004065,28.057714165738616,28.056458909520643,28.05579180770124,28.05579180682784,28.056458906900446,28.05771416355512
10.0,8.0,30.0,29.41176470588235,18.53887659834944,18.53887659904523,19.659963218287498,19.662814984067296,19.659478861844093,19.657595807204302,19.6575958093878,19.659478862280793,19.662814984940695
10.0,8.0,30.0,28.57142857142857,10.497191478444027,10.497191479483083,12.100208761777273,12.109996459643924,12.099006686250107,12.091623139001086,12.091623138127687,12.099006687123506,12.109996460517323
10.0,8.0,30.0,27.272727272727273,6.257000760644368,6.257000760288462,8.197814697928175,8.220017057495284,8.196907696876536,8.176519339194357,8.176519340067756,8.196907696876536,8.220017057058584
20.0,8.0,30.0,30.303030303030305,24832.835509749202,24832.83550974964,24832.851353719136,24832.851353719285,24832.85135371885,24832.851353719285,24832.851353719285,24832.85135371841,24832.85135371972
20.0,8.0,30.0,30.15075376884422,12355.838564969308,12355.838564968435,12355.87008893201,12355.87008893492,12355.8700889323,12355.870088928807,12355.870088928807,12355.870088933174,12355.870088934047
20.0,8.0,30.0,30.06012024048096,4939.603687062091,4939.603687062528,4939.682065260203,4939.682065313917,4939.682065248848,4939.682065217842,4939.682065216969,4939.682065249285,4939.682065314353
20.0,8.0,30.0,30.030030030030034,2510.9713217302797,2510.9713217311523,2511.125186509054,2511.12518691977,2511.125186428046,2511.125186179564,2511.125186180874,2511.125186425426,2511.125186920643
20.0,8.0,30.0,30.01500750375187,1392.6508345629757,1392.6508345612292,1392.9279070057755,1392.9279094124995,1392.9279065211117,1392.9279050839334,1392.9279050839334,1392.9279065224218,1392.9279094107526
20.0,8.0,30.0,30.006001200240046,890.0765129590146,890.0765129581414,890.5095412881186,890.5095504861032,890.5095394345473,890.5095339439237,890.5095339439237,890.5095394349839,890.5095504852297
20.0,8.0,30.0,30.0,680.5693486036915,680.5693486032551,681.135093191714,681.1351136574934,681.1350891110476,681.135076807474,681.1350768070373,681.1350891101742,681.1351136570568
20.0,8.0,30.0,29.970029970029973,334.79754754841474,334.7975475488503,335.93982361762045,335.93999296221523,335.93979003054744,335.9396878598804,335.9396878607538,335.939790029674,335.93999296265196
20.0,8.0,30.0,29.94011976047904,245.34397001239088,245.34397001369422,246.89133933663263,246.89176274866753,246.89125592868962,246.89099933232228,246.89099933232228,246.89125592781622,246.89176274997763
20.0,8.0,30.0,29.85074626865672,156.16400629758454,156.16400629671776,158.541399827405,158.54296189097852,158.54109911797664,158.54013847282317,158.54013847282317,158.54109911972344,158.54296189010512
20.0,8.0,30.0,29.7029702970297,108.74407970664414,108.74407970666492,112.03385462605134,112.03811278372768,112.03306704821088,112.0303840473072,112.0303840451237,112.03306704821088,112.03811278372768
20.0,8.0,30.0,29.41176470588235,74.1050945560059,74.10509455600352,78.59191095959147,78.60333667618704,78.58997099688452,78.58242520613956,78.58242520613956,78.58997099601112,78.60333667618704
20.0,8.0,30.0,28.57142857142857,41.98054884348704,41.980548843644335,48.39338226951404,48.43254943452138,48.38857289960217,48.35902447463695,48.35902447463695,48.38857289916547,48.43254943452138
20.0,8.0,30.0,27.272727272727273,25.02597253758201,25.025972537578575,32.789480623647314,32.87830076578601,32.785854314635685,32.70428679073859,32.70428679161199,32.785854313325586,32.87830076578601
30.0,8.0,30.0,30.303030303030305,24834.916182212724,24834.916182213597,24834.996385205683,24834.996385217037,24834.996385203936,24834.996385196075,24834.996385196075,24834.996385203063,24834.99638521791
30.0,8.0,30.0,30.15075376884422,12364.232261164223,12364.232261163786,12364.39173982526,12364.39173991391,12364.391739807792,12364.391739754079,12364.391739754079,12364.391739808229,12364.391739913473
30.0,8.0,30.0,30.06012024048096,4990.8627948528,4990.8627948528,4991.2554635302695,4991.255464874867,4991.255463261699,4991.255462454242,4991.255462454242,4991.255463261699,4991.255464874867
30.0,8.0,30.0,30.030030030030034,2682.929050126151,2682.929050126151,2683.6577817484144,2683.6577903669718,2683.6577800254895,2683.657774852783,2683.657774852783,2683.6577800254895,2683.6577903669718
30.0,8.0,30.0,30.01500750375187,1750.7510771397267,1750.7510771388534,1751.86594695177,1751.8659778405492,1751.8659407879013,1751.8659222268595,1751.8659222277329,1751.8659407879013,1751.865977839676
30.0,8.0,30.0,30.006001200240046,1357.3520405299525,1357.3520405290797,1358.7880486268434,1358.7881147291832,1358.7880354411368,1358.7879957102105,1358.7879957119571,1358.7880354402635,1358.78811472831
30.0,8.0,30.0,30.0,1167.8951009881973,1167.8951009873251,1169.5622519297526,1169.5623554652514,1169.5622312906034,1169.5621690334033,1169.5621690342766,1169.5622312906034,1169.562355464378
30.0,8.0,30.0,29.970029970029973,707.0949047859438,707.0949047859439,709.8306421588336,709.8311019435754,709.8305510837564,709.8302734493875,709.830273448514,709.8305510841931,709.8311019435754
30.0,8.0,30.0,29.94011976047904,536.7595942771877,536.7595942780601,540.337816842225,540.3388513627523,540.3376133592241,540.3369858036071,540.3369858031705,540.3376133609709,540.3388513636257
30.0,8.0,30.0,29.85074626865672,348.5488982477252,348.5488982472922,353.93895002723934,353.9425468173255,353.9382581795479,353.9360450848446,353.9360450852813,353.9382581795479,353.9425468168888
30.0,8.0,30.0,29.7029702970297,243.9396940402513,243.9396940393963,251.3616731712294,251.37133433903614,251.35988674029875,251.3537984343533,251.3537984343533,251.35988674117215,251.37133433816274
30.0,8.0,30.0,29.41176470588235,166.54824910617774,166.54824910708274,176.6528189099846,176.67860101510826,176.64844304183276,176.63141267279443,176.63141267279443,176.64844304139606,176.67860101598166
30.0,8.0,30.0,28.57142857142857,94.42545566652018,94.42545566533543,108.85719741941585,108.94538444929964,108.84637221537986,108.77983559400477,108.77983559313137,108.84637221668996,108.94538444798954
30.0,8.0,30.0,27.272727272727273,56.30085603752824,56.30085603788561,73.76968992611859,73.96957876411591,73.76153447061014,73.57795654450314,73.57795654406644,73.76153446886335,73.96957876455261
